"GEOID","NAME","variable","estimate","moe"
"2500135","Abington CDP, Massachusetts","inc_12_pov",837,295
"2500135","Abington CDP, Massachusetts","inc_12_pov_m",359,153
"2500135","Abington CDP, Massachusetts","inc_12_pov_f",478,192
"2500530","Acushnet Center CDP, Massachusetts","inc_12_pov",333,193
"2500530","Acushnet Center CDP, Massachusetts","inc_12_pov_m",106,78
"2500530","Acushnet Center CDP, Massachusetts","inc_12_pov_f",227,147
"2500590","Adams CDP, Massachusetts","inc_12_pov",807,265
"2500590","Adams CDP, Massachusetts","inc_12_pov_m",392,156
"2500590","Adams CDP, Massachusetts","inc_12_pov_f",415,187
"2500840","Agawam Town city, Massachusetts","inc_12_pov",2200,527
"2500840","Agawam Town city, Massachusetts","inc_12_pov_m",913,238
"2500840","Agawam Town city, Massachusetts","inc_12_pov_f",1287,388
"2501260","Amesbury Town city, Massachusetts","inc_12_pov",1146,435
"2501260","Amesbury Town city, Massachusetts","inc_12_pov_m",533,313
"2501260","Amesbury Town city, Massachusetts","inc_12_pov_f",613,217
"2501370","Amherst Town city, Massachusetts","inc_12_pov",5826,974
"2501370","Amherst Town city, Massachusetts","inc_12_pov_m",2819,544
"2501370","Amherst Town city, Massachusetts","inc_12_pov_f",3007,789
"2501430","Andover CDP, Massachusetts","inc_12_pov",521,205
"2501430","Andover CDP, Massachusetts","inc_12_pov_m",204,93
"2501430","Andover CDP, Massachusetts","inc_12_pov_f",317,163
"2501640","Arlington CDP, Massachusetts","inc_12_pov",2486,515
"2501640","Arlington CDP, Massachusetts","inc_12_pov_m",1012,300
"2501640","Arlington CDP, Massachusetts","inc_12_pov_f",1474,343
"2502515","Athol CDP, Massachusetts","inc_12_pov",1205,415
"2502515","Athol CDP, Massachusetts","inc_12_pov_m",428,182
"2502515","Athol CDP, Massachusetts","inc_12_pov_f",777,328
"2502690","Attleboro city, Massachusetts","inc_12_pov",4073,863
"2502690","Attleboro city, Massachusetts","inc_12_pov_m",1661,446
"2502690","Attleboro city, Massachusetts","inc_12_pov_f",2412,658
"2503040","Ayer CDP, Massachusetts","inc_12_pov",238,135
"2503040","Ayer CDP, Massachusetts","inc_12_pov_m",105,80
"2503040","Ayer CDP, Massachusetts","inc_12_pov_f",133,112
"2503355","Baldwinville CDP, Massachusetts","inc_12_pov",184,202
"2503355","Baldwinville CDP, Massachusetts","inc_12_pov_m",9,14
"2503355","Baldwinville CDP, Massachusetts","inc_12_pov_f",175,202
"2503690","Barnstable Town city, Massachusetts","inc_12_pov",3837,623
"2503690","Barnstable Town city, Massachusetts","inc_12_pov_m",1565,332
"2503690","Barnstable Town city, Massachusetts","inc_12_pov_f",2272,402
"2503705","Barre CDP, Massachusetts","inc_12_pov",44,54
"2503705","Barre CDP, Massachusetts","inc_12_pov_m",26,45
"2503705","Barre CDP, Massachusetts","inc_12_pov_f",18,29
"2504790","Belchertown CDP, Massachusetts","inc_12_pov",227,133
"2504790","Belchertown CDP, Massachusetts","inc_12_pov_m",68,73
"2504790","Belchertown CDP, Massachusetts","inc_12_pov_f",159,114
"2504965","Bellingham CDP, Massachusetts","inc_12_pov",201,120
"2504965","Bellingham CDP, Massachusetts","inc_12_pov_m",55,39
"2504965","Bellingham CDP, Massachusetts","inc_12_pov_f",146,106
"2505105","Belmont CDP, Massachusetts","inc_12_pov",1396,322
"2505105","Belmont CDP, Massachusetts","inc_12_pov_m",463,144
"2505105","Belmont CDP, Massachusetts","inc_12_pov_f",933,228
"2505595","Beverly city, Massachusetts","inc_12_pov",3978,819
"2505595","Beverly city, Massachusetts","inc_12_pov_m",1376,332
"2505595","Beverly city, Massachusetts","inc_12_pov_f",2602,602
"2506050","Blandford CDP, Massachusetts","inc_12_pov",2,3
"2506050","Blandford CDP, Massachusetts","inc_12_pov_m",0,13
"2506050","Blandford CDP, Massachusetts","inc_12_pov_f",2,3
"2506170","Bliss Corner CDP, Massachusetts","inc_12_pov",397,235
"2506170","Bliss Corner CDP, Massachusetts","inc_12_pov_m",65,46
"2506170","Bliss Corner CDP, Massachusetts","inc_12_pov_f",332,227
"2507000","Boston city, Massachusetts","inc_12_pov",116102,3891
"2507000","Boston city, Massachusetts","inc_12_pov_m",51249,2081
"2507000","Boston city, Massachusetts","inc_12_pov_f",64853,2543
"2507140","Bourne CDP, Massachusetts","inc_12_pov",90,65
"2507140","Bourne CDP, Massachusetts","inc_12_pov_m",15,24
"2507140","Bourne CDP, Massachusetts","inc_12_pov_f",75,50
"2507385","Boxford CDP, Massachusetts","inc_12_pov",0,13
"2507385","Boxford CDP, Massachusetts","inc_12_pov_m",0,13
"2507385","Boxford CDP, Massachusetts","inc_12_pov_f",0,13
"2507740","Braintree Town city, Massachusetts","inc_12_pov",1585,463
"2507740","Braintree Town city, Massachusetts","inc_12_pov_m",739,289
"2507740","Braintree Town city, Massachusetts","inc_12_pov_f",846,246
"2507945","Brewster CDP, Massachusetts","inc_12_pov",168,152
"2507945","Brewster CDP, Massachusetts","inc_12_pov_m",64,84
"2507945","Brewster CDP, Massachusetts","inc_12_pov_f",104,99
"2508130","Bridgewater Town city, Massachusetts","inc_12_pov",1375,584
"2508130","Bridgewater Town city, Massachusetts","inc_12_pov_m",390,204
"2508130","Bridgewater Town city, Massachusetts","inc_12_pov_f",985,503
"2509000","Brockton city, Massachusetts","inc_12_pov",12300,1344
"2509000","Brockton city, Massachusetts","inc_12_pov_m",4890,642
"2509000","Brockton city, Massachusetts","inc_12_pov_f",7410,928
"2509070","Brookfield CDP, Massachusetts","inc_12_pov",45,43
"2509070","Brookfield CDP, Massachusetts","inc_12_pov_m",21,24
"2509070","Brookfield CDP, Massachusetts","inc_12_pov_f",24,23
"2509210","Brookline CDP, Massachusetts","inc_12_pov",6254,894
"2509210","Brookline CDP, Massachusetts","inc_12_pov_m",2684,521
"2509210","Brookline CDP, Massachusetts","inc_12_pov_f",3570,593
"2509875","Burlington CDP, Massachusetts","inc_12_pov",1174,446
"2509875","Burlington CDP, Massachusetts","inc_12_pov_m",392,181
"2509875","Burlington CDP, Massachusetts","inc_12_pov_f",782,367
"2510015","Buzzards Bay CDP, Massachusetts","inc_12_pov",219,138
"2510015","Buzzards Bay CDP, Massachusetts","inc_12_pov_m",117,86
"2510015","Buzzards Bay CDP, Massachusetts","inc_12_pov_f",102,68
"2511000","Cambridge city, Massachusetts","inc_12_pov",12160,1124
"2511000","Cambridge city, Massachusetts","inc_12_pov_m",5782,646
"2511000","Cambridge city, Massachusetts","inc_12_pov_f",6378,769
"2511945","Cedar Crest CDP, Massachusetts","inc_12_pov",107,86
"2511945","Cedar Crest CDP, Massachusetts","inc_12_pov_m",28,34
"2511945","Cedar Crest CDP, Massachusetts","inc_12_pov_f",79,68
"2512960","Chatham CDP, Massachusetts","inc_12_pov",70,45
"2512960","Chatham CDP, Massachusetts","inc_12_pov_m",22,24
"2512960","Chatham CDP, Massachusetts","inc_12_pov_f",48,41
"2513205","Chelsea city, Massachusetts","inc_12_pov",7498,1095
"2513205","Chelsea city, Massachusetts","inc_12_pov_m",3481,605
"2513205","Chelsea city, Massachusetts","inc_12_pov_f",4017,695
"2513310","Cheshire CDP, Massachusetts","inc_12_pov",0,13
"2513310","Cheshire CDP, Massachusetts","inc_12_pov_m",0,13
"2513310","Cheshire CDP, Massachusetts","inc_12_pov_f",0,13
"2513450","Chester CDP, Massachusetts","inc_12_pov",110,81
"2513450","Chester CDP, Massachusetts","inc_12_pov_m",25,16
"2513450","Chester CDP, Massachusetts","inc_12_pov_f",85,75
"2513660","Chicopee city, Massachusetts","inc_12_pov",8495,1186
"2513660","Chicopee city, Massachusetts","inc_12_pov_m",3668,589
"2513660","Chicopee city, Massachusetts","inc_12_pov_f",4827,788
"2514430","Clinton CDP, Massachusetts","inc_12_pov",663,248
"2514430","Clinton CDP, Massachusetts","inc_12_pov_m",223,128
"2514430","Clinton CDP, Massachusetts","inc_12_pov_f",440,174
"2514570","Cochituate CDP, Massachusetts","inc_12_pov",98,57
"2514570","Cochituate CDP, Massachusetts","inc_12_pov_m",48,35
"2514570","Cochituate CDP, Massachusetts","inc_12_pov_f",50,34
"2515340","Cordaville CDP, Massachusetts","inc_12_pov",34,29
"2515340","Cordaville CDP, Massachusetts","inc_12_pov_m",21,19
"2515340","Cordaville CDP, Massachusetts","inc_12_pov_f",13,14
"2516285","Danvers CDP, Massachusetts","inc_12_pov",1662,443
"2516285","Danvers CDP, Massachusetts","inc_12_pov_m",612,227
"2516285","Danvers CDP, Massachusetts","inc_12_pov_f",1050,286
"2516530","Dedham CDP, Massachusetts","inc_12_pov",1169,332
"2516530","Dedham CDP, Massachusetts","inc_12_pov_m",466,168
"2516530","Dedham CDP, Massachusetts","inc_12_pov_f",703,231
"2516635","Deerfield CDP, Massachusetts","inc_12_pov",79,82
"2516635","Deerfield CDP, Massachusetts","inc_12_pov_m",23,36
"2516635","Deerfield CDP, Massachusetts","inc_12_pov_f",56,54
"2516740","Dennis CDP, Massachusetts","inc_12_pov",30,36
"2516740","Dennis CDP, Massachusetts","inc_12_pov_m",21,32
"2516740","Dennis CDP, Massachusetts","inc_12_pov_f",9,15
"2516810","Dennis Port CDP, Massachusetts","inc_12_pov",558,318
"2516810","Dennis Port CDP, Massachusetts","inc_12_pov_m",306,234
"2516810","Dennis Port CDP, Massachusetts","inc_12_pov_f",252,194
"2516840","Devens CDP, Massachusetts","inc_12_pov",142,79
"2516840","Devens CDP, Massachusetts","inc_12_pov_m",67,56
"2516840","Devens CDP, Massachusetts","inc_12_pov_f",75,89
"2517370","Dover CDP, Massachusetts","inc_12_pov",9,15
"2517370","Dover CDP, Massachusetts","inc_12_pov_m",0,13
"2517370","Dover CDP, Massachusetts","inc_12_pov_f",9,15
"2517860","Duxbury CDP, Massachusetts","inc_12_pov",149,218
"2517860","Duxbury CDP, Massachusetts","inc_12_pov_m",115,169
"2517860","Duxbury CDP, Massachusetts","inc_12_pov_f",34,49
"2518595","East Brookfield CDP, Massachusetts","inc_12_pov",53,36
"2518595","East Brookfield CDP, Massachusetts","inc_12_pov_m",21,26
"2518595","East Brookfield CDP, Massachusetts","inc_12_pov_f",32,24
"2518840","East Dennis CDP, Massachusetts","inc_12_pov",245,165
"2518840","East Dennis CDP, Massachusetts","inc_12_pov_m",104,73
"2518840","East Dennis CDP, Massachusetts","inc_12_pov_f",141,104
"2518875","East Douglas CDP, Massachusetts","inc_12_pov",123,117
"2518875","East Douglas CDP, Massachusetts","inc_12_pov_m",33,52
"2518875","East Douglas CDP, Massachusetts","inc_12_pov_f",90,106
"2518980","East Falmouth CDP, Massachusetts","inc_12_pov",387,225
"2518980","East Falmouth CDP, Massachusetts","inc_12_pov_m",123,72
"2518980","East Falmouth CDP, Massachusetts","inc_12_pov_f",264,189
"2519370","Easthampton Town city, Massachusetts","inc_12_pov",1253,369
"2519370","Easthampton Town city, Massachusetts","inc_12_pov_m",651,272
"2519370","Easthampton Town city, Massachusetts","inc_12_pov_f",602,215
"2519400","East Harwich CDP, Massachusetts","inc_12_pov",86,99
"2519400","East Harwich CDP, Massachusetts","inc_12_pov_m",17,18
"2519400","East Harwich CDP, Massachusetts","inc_12_pov_f",69,96
"2520310","East Pepperell CDP, Massachusetts","inc_12_pov",65,54
"2520310","East Pepperell CDP, Massachusetts","inc_12_pov_m",53,51
"2520310","East Pepperell CDP, Massachusetts","inc_12_pov_f",12,20
"2520380","East Sandwich CDP, Massachusetts","inc_12_pov",327,314
"2520380","East Sandwich CDP, Massachusetts","inc_12_pov_m",151,139
"2520380","East Sandwich CDP, Massachusetts","inc_12_pov_f",176,206
"2521115","Edgartown CDP, Massachusetts","inc_12_pov",0,13
"2521115","Edgartown CDP, Massachusetts","inc_12_pov_m",0,13
"2521115","Edgartown CDP, Massachusetts","inc_12_pov_f",0,13
"2521815","Essex CDP, Massachusetts","inc_12_pov",159,186
"2521815","Essex CDP, Massachusetts","inc_12_pov_m",99,142
"2521815","Essex CDP, Massachusetts","inc_12_pov_f",60,50
"2521990","Everett city, Massachusetts","inc_12_pov",5007,1009
"2521990","Everett city, Massachusetts","inc_12_pov_m",2079,446
"2521990","Everett city, Massachusetts","inc_12_pov_f",2928,676
"2523000","Fall River city, Massachusetts","inc_12_pov",16165,1626
"2523000","Fall River city, Massachusetts","inc_12_pov_m",7459,927
"2523000","Fall River city, Massachusetts","inc_12_pov_f",8706,969
"2523070","Falmouth CDP, Massachusetts","inc_12_pov",413,173
"2523070","Falmouth CDP, Massachusetts","inc_12_pov_m",104,64
"2523070","Falmouth CDP, Massachusetts","inc_12_pov_f",309,151
"2523840","Fiskdale CDP, Massachusetts","inc_12_pov",215,157
"2523840","Fiskdale CDP, Massachusetts","inc_12_pov_m",3,8
"2523840","Fiskdale CDP, Massachusetts","inc_12_pov_f",212,156
"2523875","Fitchburg city, Massachusetts","inc_12_pov",5618,1173
"2523875","Fitchburg city, Massachusetts","inc_12_pov_m",2647,521
"2523875","Fitchburg city, Massachusetts","inc_12_pov_f",2971,771
"2524190","Forestdale CDP, Massachusetts","inc_12_pov",80,110
"2524190","Forestdale CDP, Massachusetts","inc_12_pov_m",13,22
"2524190","Forestdale CDP, Massachusetts","inc_12_pov_f",67,108
"2524855","Foxborough CDP, Massachusetts","inc_12_pov",484,266
"2524855","Foxborough CDP, Massachusetts","inc_12_pov_m",193,141
"2524855","Foxborough CDP, Massachusetts","inc_12_pov_f",291,187
"2524960","Framingham city, Massachusetts","inc_12_pov",5806,819
"2524960","Framingham city, Massachusetts","inc_12_pov_m",2314,468
"2524960","Framingham city, Massachusetts","inc_12_pov_f",3492,551
"2525172","Franklin Town city, Massachusetts","inc_12_pov",1719,612
"2525172","Franklin Town city, Massachusetts","inc_12_pov_m",789,383
"2525172","Franklin Town city, Massachusetts","inc_12_pov_f",930,330
"2525485","Gardner city, Massachusetts","inc_12_pov",2660,492
"2525485","Gardner city, Massachusetts","inc_12_pov_m",1302,301
"2525485","Gardner city, Massachusetts","inc_12_pov_f",1358,318
"2526150","Gloucester city, Massachusetts","inc_12_pov",2888,509
"2526150","Gloucester city, Massachusetts","inc_12_pov_m",1381,325
"2526150","Gloucester city, Massachusetts","inc_12_pov_f",1507,297
"2526500","Granby CDP, Massachusetts","inc_12_pov",72,68
"2526500","Granby CDP, Massachusetts","inc_12_pov_m",11,18
"2526500","Granby CDP, Massachusetts","inc_12_pov_f",61,67
"2526780","Great Barrington CDP, Massachusetts","inc_12_pov",130,110
"2526780","Great Barrington CDP, Massachusetts","inc_12_pov_m",85,94
"2526780","Great Barrington CDP, Massachusetts","inc_12_pov_f",45,48
"2527060","Greenfield city, Massachusetts","inc_12_pov",2304,444
"2527060","Greenfield city, Massachusetts","inc_12_pov_m",854,203
"2527060","Greenfield city, Massachusetts","inc_12_pov_f",1450,355
"2527130","Green Harbor CDP, Massachusetts","inc_12_pov",0,13
"2527130","Green Harbor CDP, Massachusetts","inc_12_pov_m",0,13
"2527130","Green Harbor CDP, Massachusetts","inc_12_pov_f",0,13
"2527445","Groton CDP, Massachusetts","inc_12_pov",114,89
"2527445","Groton CDP, Massachusetts","inc_12_pov_m",64,71
"2527445","Groton CDP, Massachusetts","inc_12_pov_f",50,55
"2528425","Hanscom AFB CDP, Massachusetts","inc_12_pov",0,13
"2528425","Hanscom AFB CDP, Massachusetts","inc_12_pov_m",0,13
"2528425","Hanscom AFB CDP, Massachusetts","inc_12_pov_f",0,13
"2528460","Hanson CDP, Massachusetts","inc_12_pov",43,34
"2528460","Hanson CDP, Massachusetts","inc_12_pov_m",17,18
"2528460","Hanson CDP, Massachusetts","inc_12_pov_f",26,23
"2529055","Harwich Center CDP, Massachusetts","inc_12_pov",0,13
"2529055","Harwich Center CDP, Massachusetts","inc_12_pov_m",0,13
"2529055","Harwich Center CDP, Massachusetts","inc_12_pov_f",0,13
"2529090","Harwich Port CDP, Massachusetts","inc_12_pov",179,85
"2529090","Harwich Port CDP, Massachusetts","inc_12_pov_m",128,84
"2529090","Harwich Port CDP, Massachusetts","inc_12_pov_f",51,33
"2529230","Hatfield CDP, Massachusetts","inc_12_pov",59,38
"2529230","Hatfield CDP, Massachusetts","inc_12_pov_m",16,18
"2529230","Hatfield CDP, Massachusetts","inc_12_pov_f",43,29
"2529405","Haverhill city, Massachusetts","inc_12_pov",7550,949
"2529405","Haverhill city, Massachusetts","inc_12_pov_m",3206,484
"2529405","Haverhill city, Massachusetts","inc_12_pov_f",4344,643
"2530175","Hingham CDP, Massachusetts","inc_12_pov",294,193
"2530175","Hingham CDP, Massachusetts","inc_12_pov_m",84,75
"2530175","Hingham CDP, Massachusetts","inc_12_pov_f",210,132
"2530420","Holbrook CDP, Massachusetts","inc_12_pov",712,312
"2530420","Holbrook CDP, Massachusetts","inc_12_pov_m",350,206
"2530420","Holbrook CDP, Massachusetts","inc_12_pov_f",362,178
"2530630","Holland CDP, Massachusetts","inc_12_pov",68,41
"2530630","Holland CDP, Massachusetts","inc_12_pov_m",48,32
"2530630","Holland CDP, Massachusetts","inc_12_pov_f",20,15
"2530840","Holyoke city, Massachusetts","inc_12_pov",10746,833
"2530840","Holyoke city, Massachusetts","inc_12_pov_m",4759,464
"2530840","Holyoke city, Massachusetts","inc_12_pov_f",5987,601
"2530980","Hopedale CDP, Massachusetts","inc_12_pov",190,118
"2530980","Hopedale CDP, Massachusetts","inc_12_pov_m",82,70
"2530980","Hopedale CDP, Massachusetts","inc_12_pov_f",108,68
"2531050","Hopkinton CDP, Massachusetts","inc_12_pov",77,47
"2531050","Hopkinton CDP, Massachusetts","inc_12_pov_m",11,9
"2531050","Hopkinton CDP, Massachusetts","inc_12_pov_f",66,47
"2531295","Housatonic CDP, Massachusetts","inc_12_pov",23,32
"2531295","Housatonic CDP, Massachusetts","inc_12_pov_m",6,16
"2531295","Housatonic CDP, Massachusetts","inc_12_pov_f",17,28
"2531575","Hudson CDP, Massachusetts","inc_12_pov",860,276
"2531575","Hudson CDP, Massachusetts","inc_12_pov_m",365,168
"2531575","Hudson CDP, Massachusetts","inc_12_pov_f",495,154
"2531680","Hull CDP, Massachusetts","inc_12_pov",449,159
"2531680","Hull CDP, Massachusetts","inc_12_pov_m",195,80
"2531680","Hull CDP, Massachusetts","inc_12_pov_f",254,127
"2531750","Huntington CDP, Massachusetts","inc_12_pov",42,30
"2531750","Huntington CDP, Massachusetts","inc_12_pov_m",15,17
"2531750","Huntington CDP, Massachusetts","inc_12_pov_f",27,21
"2532275","Ipswich CDP, Massachusetts","inc_12_pov",435,163
"2532275","Ipswich CDP, Massachusetts","inc_12_pov_m",216,116
"2532275","Ipswich CDP, Massachusetts","inc_12_pov_f",219,114
"2533185","Kingston CDP, Massachusetts","inc_12_pov",421,449
"2533185","Kingston CDP, Massachusetts","inc_12_pov_m",176,143
"2533185","Kingston CDP, Massachusetts","inc_12_pov_f",245,331
"2534550","Lawrence city, Massachusetts","inc_12_pov",16546,1595
"2534550","Lawrence city, Massachusetts","inc_12_pov_m",7467,878
"2534550","Lawrence city, Massachusetts","inc_12_pov_f",9079,1040
"2534620","Lee CDP, Massachusetts","inc_12_pov",41,50
"2534620","Lee CDP, Massachusetts","inc_12_pov_m",0,13
"2534620","Lee CDP, Massachusetts","inc_12_pov_f",41,50
"2534935","Lenox CDP, Massachusetts","inc_12_pov",160,122
"2534935","Lenox CDP, Massachusetts","inc_12_pov_m",95,101
"2534935","Lenox CDP, Massachusetts","inc_12_pov_f",65,58
"2535040","Lenox Dale CDP, Massachusetts","inc_12_pov",4,3
"2535040","Lenox Dale CDP, Massachusetts","inc_12_pov_m",4,3
"2535040","Lenox Dale CDP, Massachusetts","inc_12_pov_f",0,13
"2535075","Leominster city, Massachusetts","inc_12_pov",4535,883
"2535075","Leominster city, Massachusetts","inc_12_pov_m",1950,538
"2535075","Leominster city, Massachusetts","inc_12_pov_f",2585,492
"2535250","Lexington CDP, Massachusetts","inc_12_pov",1057,285
"2535250","Lexington CDP, Massachusetts","inc_12_pov_m",384,141
"2535250","Lexington CDP, Massachusetts","inc_12_pov_f",673,192
"2536020","Littleton Common CDP, Massachusetts","inc_12_pov",201,135
"2536020","Littleton Common CDP, Massachusetts","inc_12_pov_m",104,89
"2536020","Littleton Common CDP, Massachusetts","inc_12_pov_f",97,61
"2536335","Longmeadow CDP, Massachusetts","inc_12_pov",345,124
"2536335","Longmeadow CDP, Massachusetts","inc_12_pov_m",130,70
"2536335","Longmeadow CDP, Massachusetts","inc_12_pov_f",215,86
"2537000","Lowell city, Massachusetts","inc_12_pov",18453,1533
"2537000","Lowell city, Massachusetts","inc_12_pov_m",8953,868
"2537000","Lowell city, Massachusetts","inc_12_pov_f",9500,1082
"2537385","Lunenburg CDP, Massachusetts","inc_12_pov",90,92
"2537385","Lunenburg CDP, Massachusetts","inc_12_pov_m",23,28
"2537385","Lunenburg CDP, Massachusetts","inc_12_pov_f",67,70
"2537490","Lynn city, Massachusetts","inc_12_pov",14765,1710
"2537490","Lynn city, Massachusetts","inc_12_pov_m",6377,841
"2537490","Lynn city, Massachusetts","inc_12_pov_f",8388,1055
"2537595","Lynnfield CDP, Massachusetts","inc_12_pov",528,291
"2537595","Lynnfield CDP, Massachusetts","inc_12_pov_m",196,127
"2537595","Lynnfield CDP, Massachusetts","inc_12_pov_f",332,185
"2537735","Madaket CDP, Massachusetts","inc_12_pov",18,26
"2537735","Madaket CDP, Massachusetts","inc_12_pov_m",0,13
"2537735","Madaket CDP, Massachusetts","inc_12_pov_f",18,26
"2537875","Malden city, Massachusetts","inc_12_pov",9442,1798
"2537875","Malden city, Massachusetts","inc_12_pov_m",4196,979
"2537875","Malden city, Massachusetts","inc_12_pov_f",5246,1021
"2538230","Mansfield Center CDP, Massachusetts","inc_12_pov",255,167
"2538230","Mansfield Center CDP, Massachusetts","inc_12_pov_m",106,93
"2538230","Mansfield Center CDP, Massachusetts","inc_12_pov_f",149,97
"2538435","Marblehead CDP, Massachusetts","inc_12_pov",666,208
"2538435","Marblehead CDP, Massachusetts","inc_12_pov_m",263,116
"2538435","Marblehead CDP, Massachusetts","inc_12_pov_f",403,151
"2538575","Marion Center CDP, Massachusetts","inc_12_pov",63,51
"2538575","Marion Center CDP, Massachusetts","inc_12_pov_m",26,31
"2538575","Marion Center CDP, Massachusetts","inc_12_pov_f",37,40
"2538715","Marlborough city, Massachusetts","inc_12_pov",2829,934
"2538715","Marlborough city, Massachusetts","inc_12_pov_m",1255,453
"2538715","Marlborough city, Massachusetts","inc_12_pov_f",1574,616
"2538820","Marshfield CDP, Massachusetts","inc_12_pov",847,861
"2538820","Marshfield CDP, Massachusetts","inc_12_pov_m",371,277
"2538820","Marshfield CDP, Massachusetts","inc_12_pov_f",476,612
"2538960","Marshfield Hills CDP, Massachusetts","inc_12_pov",287,324
"2538960","Marshfield Hills CDP, Massachusetts","inc_12_pov_m",145,165
"2538960","Marshfield Hills CDP, Massachusetts","inc_12_pov_f",142,163
"2539152","Mashpee Neck CDP, Massachusetts","inc_12_pov",59,60
"2539152","Mashpee Neck CDP, Massachusetts","inc_12_pov_m",14,21
"2539152","Mashpee Neck CDP, Massachusetts","inc_12_pov_f",45,50
"2539485","Mattapoisett Center CDP, Massachusetts","inc_12_pov",60,51
"2539485","Mattapoisett Center CDP, Massachusetts","inc_12_pov_m",20,27
"2539485","Mattapoisett Center CDP, Massachusetts","inc_12_pov_f",40,42
"2539660","Maynard CDP, Massachusetts","inc_12_pov",586,251
"2539660","Maynard CDP, Massachusetts","inc_12_pov_m",257,121
"2539660","Maynard CDP, Massachusetts","inc_12_pov_f",329,154
"2539730","Medfield CDP, Massachusetts","inc_12_pov",277,121
"2539730","Medfield CDP, Massachusetts","inc_12_pov_m",144,98
"2539730","Medfield CDP, Massachusetts","inc_12_pov_f",133,64
"2539835","Medford city, Massachusetts","inc_12_pov",4799,791
"2539835","Medford city, Massachusetts","inc_12_pov_m",2563,571
"2539835","Medford city, Massachusetts","inc_12_pov_f",2236,497
"2540115","Melrose city, Massachusetts","inc_12_pov",1087,324
"2540115","Melrose city, Massachusetts","inc_12_pov_m",384,190
"2540115","Melrose city, Massachusetts","inc_12_pov_f",703,212
"2540710","Methuen Town city, Massachusetts","inc_12_pov",4550,761
"2540710","Methuen Town city, Massachusetts","inc_12_pov_m",2090,418
"2540710","Methuen Town city, Massachusetts","inc_12_pov_f",2460,460
"2540885","Middleborough Center CDP, Massachusetts","inc_12_pov",1418,598
"2540885","Middleborough Center CDP, Massachusetts","inc_12_pov_m",649,285
"2540885","Middleborough Center CDP, Massachusetts","inc_12_pov_f",769,368
"2541200","Milford CDP, Massachusetts","inc_12_pov",2590,792
"2541200","Milford CDP, Massachusetts","inc_12_pov_m",1176,497
"2541200","Milford CDP, Massachusetts","inc_12_pov_f",1414,430
"2541410","Millers Falls CDP, Massachusetts","inc_12_pov",136,58
"2541410","Millers Falls CDP, Massachusetts","inc_12_pov_m",35,23
"2541410","Millers Falls CDP, Massachusetts","inc_12_pov_f",101,42
"2541532","Millis-Clicquot CDP, Massachusetts","inc_12_pov",93,84
"2541532","Millis-Clicquot CDP, Massachusetts","inc_12_pov_m",22,36
"2541532","Millis-Clicquot CDP, Massachusetts","inc_12_pov_f",71,59
"2541725","Milton CDP, Massachusetts","inc_12_pov",1454,412
"2541725","Milton CDP, Massachusetts","inc_12_pov_m",438,173
"2541725","Milton CDP, Massachusetts","inc_12_pov_f",1016,397
"2541960","Monomoscoy Island CDP, Massachusetts","inc_12_pov",0,13
"2541960","Monomoscoy Island CDP, Massachusetts","inc_12_pov_m",0,13
"2541960","Monomoscoy Island CDP, Massachusetts","inc_12_pov_f",0,13
"2542180","Monson Center CDP, Massachusetts","inc_12_pov",190,171
"2542180","Monson Center CDP, Massachusetts","inc_12_pov_m",117,111
"2542180","Monson Center CDP, Massachusetts","inc_12_pov_f",73,67
"2542670","Monument Beach CDP, Massachusetts","inc_12_pov",64,78
"2542670","Monument Beach CDP, Massachusetts","inc_12_pov_m",0,13
"2542670","Monument Beach CDP, Massachusetts","inc_12_pov_f",64,78
"2543615","Nahant CDP, Massachusetts","inc_12_pov",111,87
"2543615","Nahant CDP, Massachusetts","inc_12_pov_m",37,42
"2543615","Nahant CDP, Massachusetts","inc_12_pov_f",74,53
"2543755","Nantucket CDP, Massachusetts","inc_12_pov",607,194
"2543755","Nantucket CDP, Massachusetts","inc_12_pov_m",344,149
"2543755","Nantucket CDP, Massachusetts","inc_12_pov_f",263,155
"2544140","Needham CDP, Massachusetts","inc_12_pov",716,271
"2544140","Needham CDP, Massachusetts","inc_12_pov_m",228,120
"2544140","Needham CDP, Massachusetts","inc_12_pov_f",488,195
"2545000","New Bedford city, Massachusetts","inc_12_pov",17416,1350
"2545000","New Bedford city, Massachusetts","inc_12_pov_m",7903,743
"2545000","New Bedford city, Massachusetts","inc_12_pov_f",9513,849
"2545245","Newburyport city, Massachusetts","inc_12_pov",992,401
"2545245","Newburyport city, Massachusetts","inc_12_pov_m",392,159
"2545245","Newburyport city, Massachusetts","inc_12_pov_f",600,286
"2545500","New Seabury CDP, Massachusetts","inc_12_pov",43,44
"2545500","New Seabury CDP, Massachusetts","inc_12_pov_m",35,41
"2545500","New Seabury CDP, Massachusetts","inc_12_pov_f",8,14
"2545560","Newton city, Massachusetts","inc_12_pov",3492,551
"2545560","Newton city, Massachusetts","inc_12_pov_m",1466,333
"2545560","Newton city, Massachusetts","inc_12_pov_f",2026,395
"2546225","North Adams city, Massachusetts","inc_12_pov",1679,384
"2546225","North Adams city, Massachusetts","inc_12_pov_m",661,221
"2546225","North Adams city, Massachusetts","inc_12_pov_f",1018,224
"2546330","Northampton city, Massachusetts","inc_12_pov",2718,539
"2546330","Northampton city, Massachusetts","inc_12_pov_m",1105,225
"2546330","Northampton city, Massachusetts","inc_12_pov_f",1613,389
"2546598","North Attleborough Town city, Massachusetts","inc_12_pov",1556,417
"2546598","North Attleborough Town city, Massachusetts","inc_12_pov_m",697,226
"2546598","North Attleborough Town city, Massachusetts","inc_12_pov_f",859,245
"2546785","Northborough CDP, Massachusetts","inc_12_pov",141,71
"2546785","Northborough CDP, Massachusetts","inc_12_pov_m",18,13
"2546785","Northborough CDP, Massachusetts","inc_12_pov_f",123,68
"2547100","North Brookfield CDP, Massachusetts","inc_12_pov",136,82
"2547100","North Brookfield CDP, Massachusetts","inc_12_pov_m",35,38
"2547100","North Brookfield CDP, Massachusetts","inc_12_pov_f",101,64
"2547590","North Eastham CDP, Massachusetts","inc_12_pov",150,114
"2547590","North Eastham CDP, Massachusetts","inc_12_pov_m",5,8
"2547590","North Eastham CDP, Massachusetts","inc_12_pov_f",145,114
"2547730","North Falmouth CDP, Massachusetts","inc_12_pov",55,58
"2547730","North Falmouth CDP, Massachusetts","inc_12_pov_m",37,37
"2547730","North Falmouth CDP, Massachusetts","inc_12_pov_f",18,26
"2547800","Northfield CDP, Massachusetts","inc_12_pov",61,59
"2547800","Northfield CDP, Massachusetts","inc_12_pov_m",9,17
"2547800","Northfield CDP, Massachusetts","inc_12_pov_f",52,58
"2548220","North Lakeville CDP, Massachusetts","inc_12_pov",333,183
"2548220","North Lakeville CDP, Massachusetts","inc_12_pov_m",146,112
"2548220","North Lakeville CDP, Massachusetts","inc_12_pov_f",187,92
"2548710","North Pembroke CDP, Massachusetts","inc_12_pov",123,122
"2548710","North Pembroke CDP, Massachusetts","inc_12_pov_m",19,24
"2548710","North Pembroke CDP, Massachusetts","inc_12_pov_f",104,118
"2548780","North Plymouth CDP, Massachusetts","inc_12_pov",716,310
"2548780","North Plymouth CDP, Massachusetts","inc_12_pov_m",452,268
"2548780","North Plymouth CDP, Massachusetts","inc_12_pov_f",264,123
"2549165","North Scituate CDP, Massachusetts","inc_12_pov",188,118
"2549165","North Scituate CDP, Massachusetts","inc_12_pov_m",84,63
"2549165","North Scituate CDP, Massachusetts","inc_12_pov_f",104,66
"2549200","North Seekonk CDP, Massachusetts","inc_12_pov",69,73
"2549200","North Seekonk CDP, Massachusetts","inc_12_pov_m",30,34
"2549200","North Seekonk CDP, Massachusetts","inc_12_pov_f",39,41
"2549700","Northwest Harwich CDP, Massachusetts","inc_12_pov",319,206
"2549700","Northwest Harwich CDP, Massachusetts","inc_12_pov_m",132,127
"2549700","Northwest Harwich CDP, Massachusetts","inc_12_pov_f",187,98
"2549710","North Westport CDP, Massachusetts","inc_12_pov",373,228
"2549710","North Westport CDP, Massachusetts","inc_12_pov_m",172,131
"2549710","North Westport CDP, Massachusetts","inc_12_pov_f",201,125
"2550005","Norton Center CDP, Massachusetts","inc_12_pov",171,111
"2550005","Norton Center CDP, Massachusetts","inc_12_pov_m",167,110
"2550005","Norton Center CDP, Massachusetts","inc_12_pov_f",4,9
"2550285","Norwood CDP, Massachusetts","inc_12_pov",2354,639
"2550285","Norwood CDP, Massachusetts","inc_12_pov_m",735,276
"2550285","Norwood CDP, Massachusetts","inc_12_pov_f",1619,515
"2550425","Oak Bluffs CDP, Massachusetts","inc_12_pov",252,237
"2550425","Oak Bluffs CDP, Massachusetts","inc_12_pov_m",89,84
"2550425","Oak Bluffs CDP, Massachusetts","inc_12_pov_f",163,225
"2550862","Ocean Bluff-Brant Rock CDP, Massachusetts","inc_12_pov",341,197
"2550862","Ocean Bluff-Brant Rock CDP, Massachusetts","inc_12_pov_m",205,154
"2550862","Ocean Bluff-Brant Rock CDP, Massachusetts","inc_12_pov_f",136,101
"2550880","Ocean Grove CDP, Massachusetts","inc_12_pov",214,121
"2550880","Ocean Grove CDP, Massachusetts","inc_12_pov_m",92,94
"2550880","Ocean Grove CDP, Massachusetts","inc_12_pov_f",122,99
"2551160","Onset CDP, Massachusetts","inc_12_pov",412,336
"2551160","Onset CDP, Massachusetts","inc_12_pov_m",236,235
"2551160","Onset CDP, Massachusetts","inc_12_pov_f",176,146
"2551230","Orange CDP, Massachusetts","inc_12_pov",415,217
"2551230","Orange CDP, Massachusetts","inc_12_pov_m",233,144
"2551230","Orange CDP, Massachusetts","inc_12_pov_f",182,91
"2551405","Orleans CDP, Massachusetts","inc_12_pov",200,110
"2551405","Orleans CDP, Massachusetts","inc_12_pov_m",47,39
"2551405","Orleans CDP, Massachusetts","inc_12_pov_f",153,98
"2551790","Oxford CDP, Massachusetts","inc_12_pov",170,130
"2551790","Oxford CDP, Massachusetts","inc_12_pov_m",123,114
"2551790","Oxford CDP, Massachusetts","inc_12_pov_f",47,46
"2552144","Palmer Town city, Massachusetts","inc_12_pov",1180,414
"2552144","Palmer Town city, Massachusetts","inc_12_pov_m",577,242
"2552144","Palmer Town city, Massachusetts","inc_12_pov_f",603,233
"2552490","Peabody city, Massachusetts","inc_12_pov",4039,847
"2552490","Peabody city, Massachusetts","inc_12_pov_m",1516,419
"2552490","Peabody city, Massachusetts","inc_12_pov_f",2523,552
"2552770","Pepperell CDP, Massachusetts","inc_12_pov",441,245
"2552770","Pepperell CDP, Massachusetts","inc_12_pov_m",204,184
"2552770","Pepperell CDP, Massachusetts","inc_12_pov_f",237,134
"2553085","Petersham CDP, Massachusetts","inc_12_pov",12,13
"2553085","Petersham CDP, Massachusetts","inc_12_pov_m",8,8
"2553085","Petersham CDP, Massachusetts","inc_12_pov_f",4,6
"2553680","Pinehurst CDP, Massachusetts","inc_12_pov",301,150
"2553680","Pinehurst CDP, Massachusetts","inc_12_pov_m",80,43
"2553680","Pinehurst CDP, Massachusetts","inc_12_pov_f",221,121
"2553960","Pittsfield city, Massachusetts","inc_12_pov",5272,800
"2553960","Pittsfield city, Massachusetts","inc_12_pov_m",2776,513
"2553960","Pittsfield city, Massachusetts","inc_12_pov_f",2496,420
"2554275","Plymouth CDP, Massachusetts","inc_12_pov",401,176
"2554275","Plymouth CDP, Massachusetts","inc_12_pov_m",100,67
"2554275","Plymouth CDP, Massachusetts","inc_12_pov_f",301,156
"2554450","Pocasset CDP, Massachusetts","inc_12_pov",154,95
"2554450","Pocasset CDP, Massachusetts","inc_12_pov_m",57,52
"2554450","Pocasset CDP, Massachusetts","inc_12_pov_f",97,66
"2555070","Popponesset CDP, Massachusetts","inc_12_pov",0,13
"2555070","Popponesset CDP, Massachusetts","inc_12_pov_m",0,13
"2555070","Popponesset CDP, Massachusetts","inc_12_pov_f",0,13
"2555090","Popponesset Island CDP, Massachusetts","inc_12_pov",0,13
"2555090","Popponesset Island CDP, Massachusetts","inc_12_pov_m",0,13
"2555090","Popponesset Island CDP, Massachusetts","inc_12_pov_f",0,13
"2555535","Provincetown CDP, Massachusetts","inc_12_pov",282,151
"2555535","Provincetown CDP, Massachusetts","inc_12_pov_m",242,122
"2555535","Provincetown CDP, Massachusetts","inc_12_pov_f",40,39
"2555745","Quincy city, Massachusetts","inc_12_pov",9172,915
"2555745","Quincy city, Massachusetts","inc_12_pov_m",4019,558
"2555745","Quincy city, Massachusetts","inc_12_pov_f",5153,573
"2556000","Randolph Town city, Massachusetts","inc_12_pov",2905,848
"2556000","Randolph Town city, Massachusetts","inc_12_pov_m",1396,486
"2556000","Randolph Town city, Massachusetts","inc_12_pov_f",1509,457
"2556095","Raynham Center CDP, Massachusetts","inc_12_pov",377,323
"2556095","Raynham Center CDP, Massachusetts","inc_12_pov_m",24,31
"2556095","Raynham Center CDP, Massachusetts","inc_12_pov_f",353,320
"2556165","Reading CDP, Massachusetts","inc_12_pov",761,321
"2556165","Reading CDP, Massachusetts","inc_12_pov_m",237,126
"2556165","Reading CDP, Massachusetts","inc_12_pov_f",524,236
"2556585","Revere city, Massachusetts","inc_12_pov",6564,1077
"2556585","Revere city, Massachusetts","inc_12_pov_m",2764,532
"2556585","Revere city, Massachusetts","inc_12_pov_f",3800,715
"2557845","Rockport CDP, Massachusetts","inc_12_pov",302,142
"2557845","Rockport CDP, Massachusetts","inc_12_pov_m",108,64
"2557845","Rockport CDP, Massachusetts","inc_12_pov_f",194,93
"2558370","Rowley CDP, Massachusetts","inc_12_pov",0,13
"2558370","Rowley CDP, Massachusetts","inc_12_pov_m",0,13
"2558370","Rowley CDP, Massachusetts","inc_12_pov_f",0,13
"2558615","Russell CDP, Massachusetts","inc_12_pov",52,46
"2558615","Russell CDP, Massachusetts","inc_12_pov_m",22,23
"2558615","Russell CDP, Massachusetts","inc_12_pov_f",30,26
"2558790","Rutland CDP, Massachusetts","inc_12_pov",37,82
"2558790","Rutland CDP, Massachusetts","inc_12_pov_m",20,43
"2558790","Rutland CDP, Massachusetts","inc_12_pov_f",17,39
"2558965","Sagamore CDP, Massachusetts","inc_12_pov",195,143
"2558965","Sagamore CDP, Massachusetts","inc_12_pov_m",55,51
"2558965","Sagamore CDP, Massachusetts","inc_12_pov_f",140,100
"2559105","Salem city, Massachusetts","inc_12_pov",6624,1210
"2559105","Salem city, Massachusetts","inc_12_pov_m",2418,596
"2559105","Salem city, Massachusetts","inc_12_pov_f",4206,766
"2559210","Salisbury CDP, Massachusetts","inc_12_pov",355,192
"2559210","Salisbury CDP, Massachusetts","inc_12_pov_m",121,95
"2559210","Salisbury CDP, Massachusetts","inc_12_pov_f",234,148
"2559700","Sandwich CDP, Massachusetts","inc_12_pov",204,91
"2559700","Sandwich CDP, Massachusetts","inc_12_pov_m",75,49
"2559700","Sandwich CDP, Massachusetts","inc_12_pov_f",129,68
"2560050","Saugus CDP, Massachusetts","inc_12_pov",2204,642
"2560050","Saugus CDP, Massachusetts","inc_12_pov_m",1027,332
"2560050","Saugus CDP, Massachusetts","inc_12_pov_f",1177,420
"2560295","Scituate CDP, Massachusetts","inc_12_pov",224,187
"2560295","Scituate CDP, Massachusetts","inc_12_pov_m",64,65
"2560295","Scituate CDP, Massachusetts","inc_12_pov_f",160,130
"2560505","Seabrook CDP, Massachusetts","inc_12_pov",17,19
"2560505","Seabrook CDP, Massachusetts","inc_12_pov_m",0,13
"2560505","Seabrook CDP, Massachusetts","inc_12_pov_f",17,19
"2560627","Seconsett Island CDP, Massachusetts","inc_12_pov",0,13
"2560627","Seconsett Island CDP, Massachusetts","inc_12_pov_m",0,13
"2560627","Seconsett Island CDP, Massachusetts","inc_12_pov_f",0,13
"2560820","Sharon CDP, Massachusetts","inc_12_pov",83,58
"2560820","Sharon CDP, Massachusetts","inc_12_pov_m",44,45
"2560820","Sharon CDP, Massachusetts","inc_12_pov_f",39,35
"2561205","Shelburne Falls CDP, Massachusetts","inc_12_pov",299,132
"2561205","Shelburne Falls CDP, Massachusetts","inc_12_pov_m",202,117
"2561205","Shelburne Falls CDP, Massachusetts","inc_12_pov_f",97,44
"2561555","Shirley CDP, Massachusetts","inc_12_pov",107,100
"2561555","Shirley CDP, Massachusetts","inc_12_pov_m",69,75
"2561555","Shirley CDP, Massachusetts","inc_12_pov_f",38,41
"2561940","Siasconset CDP, Massachusetts","inc_12_pov",35,63
"2561940","Siasconset CDP, Massachusetts","inc_12_pov_m",0,13
"2561940","Siasconset CDP, Massachusetts","inc_12_pov_f",35,63
"2562300","Smith Mills CDP, Massachusetts","inc_12_pov",485,182
"2562300","Smith Mills CDP, Massachusetts","inc_12_pov_m",162,99
"2562300","Smith Mills CDP, Massachusetts","inc_12_pov_f",323,139
"2562465","Somerset CDP, Massachusetts","inc_12_pov",780,344
"2562465","Somerset CDP, Massachusetts","inc_12_pov_m",312,143
"2562465","Somerset CDP, Massachusetts","inc_12_pov_f",468,242
"2562535","Somerville city, Massachusetts","inc_12_pov",8869,1043
"2562535","Somerville city, Massachusetts","inc_12_pov_m",3676,610
"2562535","Somerville city, Massachusetts","inc_12_pov_f",5193,747
"2562780","South Ashburnham CDP, Massachusetts","inc_12_pov",0,13
"2562780","South Ashburnham CDP, Massachusetts","inc_12_pov_m",0,13
"2562780","South Ashburnham CDP, Massachusetts","inc_12_pov_f",0,13
"2563345","Southbridge Town city, Massachusetts","inc_12_pov",3276,621
"2563345","Southbridge Town city, Massachusetts","inc_12_pov_m",1141,251
"2563345","Southbridge Town city, Massachusetts","inc_12_pov_f",2135,434
"2563620","South Deerfield CDP, Massachusetts","inc_12_pov",84,125
"2563620","South Deerfield CDP, Massachusetts","inc_12_pov_m",42,63
"2563620","South Deerfield CDP, Massachusetts","inc_12_pov_f",42,63
"2563655","South Dennis CDP, Massachusetts","inc_12_pov",218,119
"2563655","South Dennis CDP, Massachusetts","inc_12_pov_m",78,75
"2563655","South Dennis CDP, Massachusetts","inc_12_pov_f",140,69
"2563690","South Duxbury CDP, Massachusetts","inc_12_pov",71,52
"2563690","South Duxbury CDP, Massachusetts","inc_12_pov_m",26,28
"2563690","South Duxbury CDP, Massachusetts","inc_12_pov_f",45,34
"2564460","South Lancaster CDP, Massachusetts","inc_12_pov",123,111
"2564460","South Lancaster CDP, Massachusetts","inc_12_pov_m",57,71
"2564460","South Lancaster CDP, Massachusetts","inc_12_pov_f",66,84
"2566035","South Yarmouth CDP, Massachusetts","inc_12_pov",396,141
"2566035","South Yarmouth CDP, Massachusetts","inc_12_pov_m",122,61
"2566035","South Yarmouth CDP, Massachusetts","inc_12_pov_f",274,117
"2566070","Spencer CDP, Massachusetts","inc_12_pov",718,291
"2566070","Spencer CDP, Massachusetts","inc_12_pov_m",368,217
"2566070","Spencer CDP, Massachusetts","inc_12_pov_f",350,205
"2567000","Springfield city, Massachusetts","inc_12_pov",37760,2136
"2567000","Springfield city, Massachusetts","inc_12_pov_m",15980,1207
"2567000","Springfield city, Massachusetts","inc_12_pov_f",21780,1465
"2567700","Stoneham CDP, Massachusetts","inc_12_pov",1172,290
"2567700","Stoneham CDP, Massachusetts","inc_12_pov_m",594,209
"2567700","Stoneham CDP, Massachusetts","inc_12_pov_f",578,190
"2568120","Sturbridge CDP, Massachusetts","inc_12_pov",76,119
"2568120","Sturbridge CDP, Massachusetts","inc_12_pov_m",22,34
"2568120","Sturbridge CDP, Massachusetts","inc_12_pov_f",54,86
"2568680","Swampscott CDP, Massachusetts","inc_12_pov",740,376
"2568680","Swampscott CDP, Massachusetts","inc_12_pov_m",187,123
"2568680","Swampscott CDP, Massachusetts","inc_12_pov_f",553,298
"2569170","Taunton city, Massachusetts","inc_12_pov",7888,1099
"2569170","Taunton city, Massachusetts","inc_12_pov_m",3433,602
"2569170","Taunton city, Massachusetts","inc_12_pov_f",4455,714
"2569205","Teaticket CDP, Massachusetts","inc_12_pov",104,99
"2569205","Teaticket CDP, Massachusetts","inc_12_pov_m",62,68
"2569205","Teaticket CDP, Massachusetts","inc_12_pov_f",42,37
"2569585","The Pinehills CDP, Massachusetts","inc_12_pov",159,98
"2569585","The Pinehills CDP, Massachusetts","inc_12_pov_m",15,25
"2569585","The Pinehills CDP, Massachusetts","inc_12_pov_f",144,88
"2570115","Topsfield CDP, Massachusetts","inc_12_pov",233,256
"2570115","Topsfield CDP, Massachusetts","inc_12_pov_m",130,197
"2570115","Topsfield CDP, Massachusetts","inc_12_pov_f",103,74
"2570325","Townsend CDP, Massachusetts","inc_12_pov",125,82
"2570325","Townsend CDP, Massachusetts","inc_12_pov_m",95,76
"2570325","Townsend CDP, Massachusetts","inc_12_pov_f",30,27
"2570815","Turners Falls CDP, Massachusetts","inc_12_pov",429,143
"2570815","Turners Falls CDP, Massachusetts","inc_12_pov_m",194,101
"2570815","Turners Falls CDP, Massachusetts","inc_12_pov_f",235,79
"2571445","Upton CDP, Massachusetts","inc_12_pov",61,46
"2571445","Upton CDP, Massachusetts","inc_12_pov_m",42,37
"2571445","Upton CDP, Massachusetts","inc_12_pov_f",19,22
"2571970","Vineyard Haven CDP, Massachusetts","inc_12_pov",216,168
"2571970","Vineyard Haven CDP, Massachusetts","inc_12_pov_m",77,85
"2571970","Vineyard Haven CDP, Massachusetts","inc_12_pov_f",139,112
"2572250","Wakefield CDP, Massachusetts","inc_12_pov",1321,504
"2572250","Wakefield CDP, Massachusetts","inc_12_pov_m",661,324
"2572250","Wakefield CDP, Massachusetts","inc_12_pov_f",660,257
"2572460","Walpole CDP, Massachusetts","inc_12_pov",324,238
"2572460","Walpole CDP, Massachusetts","inc_12_pov_m",144,147
"2572460","Walpole CDP, Massachusetts","inc_12_pov_f",180,107
"2572600","Waltham city, Massachusetts","inc_12_pov",5085,857
"2572600","Waltham city, Massachusetts","inc_12_pov_m",2648,597
"2572600","Waltham city, Massachusetts","inc_12_pov_f",2437,541
"2572845","Ware CDP, Massachusetts","inc_12_pov",1074,378
"2572845","Ware CDP, Massachusetts","inc_12_pov_m",371,178
"2572845","Ware CDP, Massachusetts","inc_12_pov_f",703,280
"2573020","Wareham Center CDP, Massachusetts","inc_12_pov",517,482
"2573020","Wareham Center CDP, Massachusetts","inc_12_pov_m",263,288
"2573020","Wareham Center CDP, Massachusetts","inc_12_pov_f",254,213
"2573055","Warren CDP, Massachusetts","inc_12_pov",135,115
"2573055","Warren CDP, Massachusetts","inc_12_pov_m",56,64
"2573055","Warren CDP, Massachusetts","inc_12_pov_f",79,94
"2573440","Watertown Town city, Massachusetts","inc_12_pov",2269,569
"2573440","Watertown Town city, Massachusetts","inc_12_pov_m",762,298
"2573440","Watertown Town city, Massachusetts","inc_12_pov_f",1507,419
"2573930","Webster CDP, Massachusetts","inc_12_pov",1680,436
"2573930","Webster CDP, Massachusetts","inc_12_pov_m",555,161
"2573930","Webster CDP, Massachusetts","inc_12_pov_f",1125,361
"2574210","Wellesley CDP, Massachusetts","inc_12_pov",1016,327
"2574210","Wellesley CDP, Massachusetts","inc_12_pov_m",398,167
"2574210","Wellesley CDP, Massachusetts","inc_12_pov_f",618,206
"2575050","Westborough CDP, Massachusetts","inc_12_pov",376,236
"2575050","Westborough CDP, Massachusetts","inc_12_pov_m",193,163
"2575050","Westborough CDP, Massachusetts","inc_12_pov_f",183,96
"2575365","West Brookfield CDP, Massachusetts","inc_12_pov",49,47
"2575365","West Brookfield CDP, Massachusetts","inc_12_pov_m",17,21
"2575365","West Brookfield CDP, Massachusetts","inc_12_pov_f",32,41
"2575505","West Chatham CDP, Massachusetts","inc_12_pov",210,202
"2575505","West Chatham CDP, Massachusetts","inc_12_pov_m",65,96
"2575505","West Chatham CDP, Massachusetts","inc_12_pov_f",145,160
"2575680","West Concord CDP, Massachusetts","inc_12_pov",248,121
"2575680","West Concord CDP, Massachusetts","inc_12_pov_m",135,75
"2575680","West Concord CDP, Massachusetts","inc_12_pov_f",113,66
"2575820","West Dennis CDP, Massachusetts","inc_12_pov",166,61
"2575820","West Dennis CDP, Massachusetts","inc_12_pov_m",97,48
"2575820","West Dennis CDP, Massachusetts","inc_12_pov_f",69,42
"2575960","West Falmouth CDP, Massachusetts","inc_12_pov",34,53
"2575960","West Falmouth CDP, Massachusetts","inc_12_pov_m",0,13
"2575960","West Falmouth CDP, Massachusetts","inc_12_pov_f",34,53
"2576030","Westfield city, Massachusetts","inc_12_pov",2275,521
"2576030","Westfield city, Massachusetts","inc_12_pov_m",888,274
"2576030","Westfield city, Massachusetts","inc_12_pov_f",1387,354
"2577890","West Springfield Town city, Massachusetts","inc_12_pov",2928,804
"2577890","West Springfield Town city, Massachusetts","inc_12_pov_m",1618,512
"2577890","West Springfield Town city, Massachusetts","inc_12_pov_f",1310,384
"2578410","West Wareham CDP, Massachusetts","inc_12_pov",122,85
"2578410","West Wareham CDP, Massachusetts","inc_12_pov_m",33,38
"2578410","West Wareham CDP, Massachusetts","inc_12_pov_f",89,74
"2578445","West Warren CDP, Massachusetts","inc_12_pov",46,51
"2578445","West Warren CDP, Massachusetts","inc_12_pov_m",22,35
"2578445","West Warren CDP, Massachusetts","inc_12_pov_f",24,36
"2578795","West Yarmouth CDP, Massachusetts","inc_12_pov",430,204
"2578795","West Yarmouth CDP, Massachusetts","inc_12_pov_m",166,111
"2578795","West Yarmouth CDP, Massachusetts","inc_12_pov_f",264,122
"2578850","Weweantic CDP, Massachusetts","inc_12_pov",10,18
"2578850","Weweantic CDP, Massachusetts","inc_12_pov_m",10,18
"2578850","Weweantic CDP, Massachusetts","inc_12_pov_f",0,13
"2578972","Weymouth Town city, Massachusetts","inc_12_pov",3602,755
"2578972","Weymouth Town city, Massachusetts","inc_12_pov_m",1526,355
"2578972","Weymouth Town city, Massachusetts","inc_12_pov_f",2076,478
"2579390","White Island Shores CDP, Massachusetts","inc_12_pov",288,251
"2579390","White Island Shores CDP, Massachusetts","inc_12_pov_m",197,159
"2579390","White Island Shores CDP, Massachusetts","inc_12_pov_f",91,110
"2579495","Whitinsville CDP, Massachusetts","inc_12_pov",485,428
"2579495","Whitinsville CDP, Massachusetts","inc_12_pov_m",95,73
"2579495","Whitinsville CDP, Massachusetts","inc_12_pov_f",390,422
"2579705","Wilbraham CDP, Massachusetts","inc_12_pov",362,251
"2579705","Wilbraham CDP, Massachusetts","inc_12_pov_m",158,94
"2579705","Wilbraham CDP, Massachusetts","inc_12_pov_f",204,221
"2579950","Williamstown CDP, Massachusetts","inc_12_pov",140,90
"2579950","Williamstown CDP, Massachusetts","inc_12_pov_m",65,60
"2579950","Williamstown CDP, Massachusetts","inc_12_pov_f",75,58
"2580195","Wilmington CDP, Massachusetts","inc_12_pov",638,242
"2580195","Wilmington CDP, Massachusetts","inc_12_pov_m",298,151
"2580195","Wilmington CDP, Massachusetts","inc_12_pov_f",340,176
"2580370","Winchendon CDP, Massachusetts","inc_12_pov",497,201
"2580370","Winchendon CDP, Massachusetts","inc_12_pov_m",225,114
"2580370","Winchendon CDP, Massachusetts","inc_12_pov_f",272,138
"2580545","Winchester CDP, Massachusetts","inc_12_pov",633,311
"2580545","Winchester CDP, Massachusetts","inc_12_pov_m",241,174
"2580545","Winchester CDP, Massachusetts","inc_12_pov_f",392,161
"2581005","Winthrop Town city, Massachusetts","inc_12_pov",1455,460
"2581005","Winthrop Town city, Massachusetts","inc_12_pov_m",568,234
"2581005","Winthrop Town city, Massachusetts","inc_12_pov_f",887,285
"2581035","Woburn city, Massachusetts","inc_12_pov",2288,640
"2581035","Woburn city, Massachusetts","inc_12_pov_m",1046,311
"2581035","Woburn city, Massachusetts","inc_12_pov_f",1242,390
"2581245","Woods Hole CDP, Massachusetts","inc_12_pov",67,82
"2581245","Woods Hole CDP, Massachusetts","inc_12_pov_m",17,31
"2581245","Woods Hole CDP, Massachusetts","inc_12_pov_f",50,54
"2582000","Worcester city, Massachusetts","inc_12_pov",33813,2509
"2582000","Worcester city, Massachusetts","inc_12_pov_m",14947,1446
"2582000","Worcester city, Massachusetts","inc_12_pov_f",18866,1502
"2582595","Yarmouth Port CDP, Massachusetts","inc_12_pov",469,289
"2582595","Yarmouth Port CDP, Massachusetts","inc_12_pov_m",236,187
"2582595","Yarmouth Port CDP, Massachusetts","inc_12_pov_f",233,117
