"GEOID","NAME","variable","estimate","moe"
"2500135","Abington CDP, Massachusetts","inc_12_pov",668,273
"2500135","Abington CDP, Massachusetts","inc_12_pov_m",293,150
"2500135","Abington CDP, Massachusetts","inc_12_pov_f",375,162
"2500530","Acushnet Center CDP, Massachusetts","inc_12_pov",256,162
"2500530","Acushnet Center CDP, Massachusetts","inc_12_pov_m",96,65
"2500530","Acushnet Center CDP, Massachusetts","inc_12_pov_f",160,108
"2500590","Adams CDP, Massachusetts","inc_12_pov",767,250
"2500590","Adams CDP, Massachusetts","inc_12_pov_m",396,157
"2500590","Adams CDP, Massachusetts","inc_12_pov_f",371,154
"2500840","Agawam Town city, Massachusetts","inc_12_pov",2219,457
"2500840","Agawam Town city, Massachusetts","inc_12_pov_m",970,259
"2500840","Agawam Town city, Massachusetts","inc_12_pov_f",1249,302
"2501260","Amesbury Town city, Massachusetts","inc_12_pov",1085,335
"2501260","Amesbury Town city, Massachusetts","inc_12_pov_m",531,254
"2501260","Amesbury Town city, Massachusetts","inc_12_pov_f",554,157
"2501360","Amherst Center CDP, Massachusetts","inc_12_pov",2242,454
"2501360","Amherst Center CDP, Massachusetts","inc_12_pov_m",1050,344
"2501360","Amherst Center CDP, Massachusetts","inc_12_pov_f",1192,321
"2501430","Andover CDP, Massachusetts","inc_12_pov",725,244
"2501430","Andover CDP, Massachusetts","inc_12_pov_m",353,146
"2501430","Andover CDP, Massachusetts","inc_12_pov_f",372,181
"2501640","Arlington CDP, Massachusetts","inc_12_pov",2365,483
"2501640","Arlington CDP, Massachusetts","inc_12_pov_m",919,252
"2501640","Arlington CDP, Massachusetts","inc_12_pov_f",1446,316
"2502515","Athol CDP, Massachusetts","inc_12_pov",1485,482
"2502515","Athol CDP, Massachusetts","inc_12_pov_m",424,150
"2502515","Athol CDP, Massachusetts","inc_12_pov_f",1061,462
"2502690","Attleboro city, Massachusetts","inc_12_pov",3786,837
"2502690","Attleboro city, Massachusetts","inc_12_pov_m",1933,582
"2502690","Attleboro city, Massachusetts","inc_12_pov_f",1853,365
"2503040","Ayer CDP, Massachusetts","inc_12_pov",292,160
"2503040","Ayer CDP, Massachusetts","inc_12_pov_m",149,111
"2503040","Ayer CDP, Massachusetts","inc_12_pov_f",143,117
"2503355","Baldwinville CDP, Massachusetts","inc_12_pov",103,129
"2503355","Baldwinville CDP, Massachusetts","inc_12_pov_m",34,61
"2503355","Baldwinville CDP, Massachusetts","inc_12_pov_f",69,80
"2503690","Barnstable Town city, Massachusetts","inc_12_pov",3496,517
"2503690","Barnstable Town city, Massachusetts","inc_12_pov_m",1502,291
"2503690","Barnstable Town city, Massachusetts","inc_12_pov_f",1994,351
"2503705","Barre CDP, Massachusetts","inc_12_pov",27,44
"2503705","Barre CDP, Massachusetts","inc_12_pov_m",27,44
"2503705","Barre CDP, Massachusetts","inc_12_pov_f",0,12
"2504790","Belchertown CDP, Massachusetts","inc_12_pov",268,127
"2504790","Belchertown CDP, Massachusetts","inc_12_pov_m",124,96
"2504790","Belchertown CDP, Massachusetts","inc_12_pov_f",144,108
"2504965","Bellingham CDP, Massachusetts","inc_12_pov",154,103
"2504965","Bellingham CDP, Massachusetts","inc_12_pov_m",41,31
"2504965","Bellingham CDP, Massachusetts","inc_12_pov_f",113,91
"2505105","Belmont CDP, Massachusetts","inc_12_pov",1546,370
"2505105","Belmont CDP, Massachusetts","inc_12_pov_m",539,172
"2505105","Belmont CDP, Massachusetts","inc_12_pov_f",1007,256
"2505595","Beverly city, Massachusetts","inc_12_pov",3598,821
"2505595","Beverly city, Massachusetts","inc_12_pov_m",1433,393
"2505595","Beverly city, Massachusetts","inc_12_pov_f",2165,508
"2506050","Blandford CDP, Massachusetts","inc_12_pov",6,6
"2506050","Blandford CDP, Massachusetts","inc_12_pov_m",0,12
"2506050","Blandford CDP, Massachusetts","inc_12_pov_f",6,6
"2506170","Bliss Corner CDP, Massachusetts","inc_12_pov",435,196
"2506170","Bliss Corner CDP, Massachusetts","inc_12_pov_m",147,76
"2506170","Bliss Corner CDP, Massachusetts","inc_12_pov_f",288,182
"2507000","Boston city, Massachusetts","inc_12_pov",121364,3628
"2507000","Boston city, Massachusetts","inc_12_pov_m",52463,1817
"2507000","Boston city, Massachusetts","inc_12_pov_f",68901,2510
"2507140","Bourne CDP, Massachusetts","inc_12_pov",102,60
"2507140","Bourne CDP, Massachusetts","inc_12_pov_m",13,23
"2507140","Bourne CDP, Massachusetts","inc_12_pov_f",89,51
"2507385","Boxford CDP, Massachusetts","inc_12_pov",0,12
"2507385","Boxford CDP, Massachusetts","inc_12_pov_m",0,12
"2507385","Boxford CDP, Massachusetts","inc_12_pov_f",0,12
"2507740","Braintree Town city, Massachusetts","inc_12_pov",1693,332
"2507740","Braintree Town city, Massachusetts","inc_12_pov_m",714,188
"2507740","Braintree Town city, Massachusetts","inc_12_pov_f",979,224
"2507945","Brewster CDP, Massachusetts","inc_12_pov",133,133
"2507945","Brewster CDP, Massachusetts","inc_12_pov_m",68,83
"2507945","Brewster CDP, Massachusetts","inc_12_pov_f",65,57
"2508130","Bridgewater Town city, Massachusetts","inc_12_pov",2129,836
"2508130","Bridgewater Town city, Massachusetts","inc_12_pov_m",744,369
"2508130","Bridgewater Town city, Massachusetts","inc_12_pov_f",1385,659
"2509000","Brockton city, Massachusetts","inc_12_pov",13950,1529
"2509000","Brockton city, Massachusetts","inc_12_pov_m",5699,841
"2509000","Brockton city, Massachusetts","inc_12_pov_f",8251,862
"2509070","Brookfield CDP, Massachusetts","inc_12_pov",43,43
"2509070","Brookfield CDP, Massachusetts","inc_12_pov_m",12,18
"2509070","Brookfield CDP, Massachusetts","inc_12_pov_f",31,30
"2509210","Brookline CDP, Massachusetts","inc_12_pov",7063,935
"2509210","Brookline CDP, Massachusetts","inc_12_pov_m",3396,522
"2509210","Brookline CDP, Massachusetts","inc_12_pov_f",3667,733
"2509875","Burlington CDP, Massachusetts","inc_12_pov",1039,321
"2509875","Burlington CDP, Massachusetts","inc_12_pov_m",361,146
"2509875","Burlington CDP, Massachusetts","inc_12_pov_f",678,217
"2510015","Buzzards Bay CDP, Massachusetts","inc_12_pov",224,140
"2510015","Buzzards Bay CDP, Massachusetts","inc_12_pov_m",114,88
"2510015","Buzzards Bay CDP, Massachusetts","inc_12_pov_f",110,67
"2511000","Cambridge city, Massachusetts","inc_12_pov",12799,1025
"2511000","Cambridge city, Massachusetts","inc_12_pov_m",6095,704
"2511000","Cambridge city, Massachusetts","inc_12_pov_f",6704,585
"2512960","Chatham CDP, Massachusetts","inc_12_pov",116,65
"2512960","Chatham CDP, Massachusetts","inc_12_pov_m",27,26
"2512960","Chatham CDP, Massachusetts","inc_12_pov_f",89,59
"2513205","Chelsea city, Massachusetts","inc_12_pov",7162,863
"2513205","Chelsea city, Massachusetts","inc_12_pov_m",3004,480
"2513205","Chelsea city, Massachusetts","inc_12_pov_f",4158,625
"2513310","Cheshire CDP, Massachusetts","inc_12_pov",0,12
"2513310","Cheshire CDP, Massachusetts","inc_12_pov_m",0,12
"2513310","Cheshire CDP, Massachusetts","inc_12_pov_f",0,12
"2513450","Chester CDP, Massachusetts","inc_12_pov",102,81
"2513450","Chester CDP, Massachusetts","inc_12_pov_m",36,24
"2513450","Chester CDP, Massachusetts","inc_12_pov_f",66,73
"2513660","Chicopee city, Massachusetts","inc_12_pov",7562,874
"2513660","Chicopee city, Massachusetts","inc_12_pov_m",3457,545
"2513660","Chicopee city, Massachusetts","inc_12_pov_f",4105,507
"2514430","Clinton CDP, Massachusetts","inc_12_pov",778,238
"2514430","Clinton CDP, Massachusetts","inc_12_pov_m",210,99
"2514430","Clinton CDP, Massachusetts","inc_12_pov_f",568,206
"2514570","Cochituate CDP, Massachusetts","inc_12_pov",135,78
"2514570","Cochituate CDP, Massachusetts","inc_12_pov_m",45,37
"2514570","Cochituate CDP, Massachusetts","inc_12_pov_f",90,62
"2515340","Cordaville CDP, Massachusetts","inc_12_pov",33,37
"2515340","Cordaville CDP, Massachusetts","inc_12_pov_m",26,30
"2515340","Cordaville CDP, Massachusetts","inc_12_pov_f",7,12
"2516285","Danvers CDP, Massachusetts","inc_12_pov",1923,524
"2516285","Danvers CDP, Massachusetts","inc_12_pov_m",778,275
"2516285","Danvers CDP, Massachusetts","inc_12_pov_f",1145,289
"2516530","Dedham CDP, Massachusetts","inc_12_pov",1084,301
"2516530","Dedham CDP, Massachusetts","inc_12_pov_m",379,133
"2516530","Dedham CDP, Massachusetts","inc_12_pov_f",705,228
"2516635","Deerfield CDP, Massachusetts","inc_12_pov",201,228
"2516635","Deerfield CDP, Massachusetts","inc_12_pov_m",116,215
"2516635","Deerfield CDP, Massachusetts","inc_12_pov_f",85,70
"2516740","Dennis CDP, Massachusetts","inc_12_pov",57,49
"2516740","Dennis CDP, Massachusetts","inc_12_pov_m",30,34
"2516740","Dennis CDP, Massachusetts","inc_12_pov_f",27,25
"2516810","Dennis Port CDP, Massachusetts","inc_12_pov",481,245
"2516810","Dennis Port CDP, Massachusetts","inc_12_pov_m",210,145
"2516810","Dennis Port CDP, Massachusetts","inc_12_pov_f",271,160
"2516840","Devens CDP, Massachusetts","inc_12_pov",186,150
"2516840","Devens CDP, Massachusetts","inc_12_pov_m",100,100
"2516840","Devens CDP, Massachusetts","inc_12_pov_f",86,138
"2517370","Dover CDP, Massachusetts","inc_12_pov",13,21
"2517370","Dover CDP, Massachusetts","inc_12_pov_m",0,12
"2517370","Dover CDP, Massachusetts","inc_12_pov_f",13,21
"2517860","Duxbury CDP, Massachusetts","inc_12_pov",62,95
"2517860","Duxbury CDP, Massachusetts","inc_12_pov_m",48,73
"2517860","Duxbury CDP, Massachusetts","inc_12_pov_f",14,22
"2518595","East Brookfield CDP, Massachusetts","inc_12_pov",62,39
"2518595","East Brookfield CDP, Massachusetts","inc_12_pov_m",28,27
"2518595","East Brookfield CDP, Massachusetts","inc_12_pov_f",34,25
"2518840","East Dennis CDP, Massachusetts","inc_12_pov",277,155
"2518840","East Dennis CDP, Massachusetts","inc_12_pov_m",114,73
"2518840","East Dennis CDP, Massachusetts","inc_12_pov_f",163,96
"2518875","East Douglas CDP, Massachusetts","inc_12_pov",78,81
"2518875","East Douglas CDP, Massachusetts","inc_12_pov_m",44,71
"2518875","East Douglas CDP, Massachusetts","inc_12_pov_f",34,39
"2518980","East Falmouth CDP, Massachusetts","inc_12_pov",312,137
"2518980","East Falmouth CDP, Massachusetts","inc_12_pov_m",118,60
"2518980","East Falmouth CDP, Massachusetts","inc_12_pov_f",194,112
"2519370","Easthampton Town city, Massachusetts","inc_12_pov",1469,332
"2519370","Easthampton Town city, Massachusetts","inc_12_pov_m",836,244
"2519370","Easthampton Town city, Massachusetts","inc_12_pov_f",633,224
"2519400","East Harwich CDP, Massachusetts","inc_12_pov",220,246
"2519400","East Harwich CDP, Massachusetts","inc_12_pov_m",20,20
"2519400","East Harwich CDP, Massachusetts","inc_12_pov_f",200,245
"2520310","East Pepperell CDP, Massachusetts","inc_12_pov",121,76
"2520310","East Pepperell CDP, Massachusetts","inc_12_pov_m",86,72
"2520310","East Pepperell CDP, Massachusetts","inc_12_pov_f",35,28
"2520380","East Sandwich CDP, Massachusetts","inc_12_pov",79,92
"2520380","East Sandwich CDP, Massachusetts","inc_12_pov_m",43,47
"2520380","East Sandwich CDP, Massachusetts","inc_12_pov_f",36,47
"2521115","Edgartown CDP, Massachusetts","inc_12_pov",0,12
"2521115","Edgartown CDP, Massachusetts","inc_12_pov_m",0,12
"2521115","Edgartown CDP, Massachusetts","inc_12_pov_f",0,12
"2521815","Essex CDP, Massachusetts","inc_12_pov",97,77
"2521815","Essex CDP, Massachusetts","inc_12_pov_m",41,51
"2521815","Essex CDP, Massachusetts","inc_12_pov_f",56,42
"2521990","Everett city, Massachusetts","inc_12_pov",5798,1104
"2521990","Everett city, Massachusetts","inc_12_pov_m",2446,578
"2521990","Everett city, Massachusetts","inc_12_pov_f",3352,732
"2523000","Fall River city, Massachusetts","inc_12_pov",17310,1489
"2523000","Fall River city, Massachusetts","inc_12_pov_m",8136,894
"2523000","Fall River city, Massachusetts","inc_12_pov_f",9174,918
"2523070","Falmouth CDP, Massachusetts","inc_12_pov",289,167
"2523070","Falmouth CDP, Massachusetts","inc_12_pov_m",128,83
"2523070","Falmouth CDP, Massachusetts","inc_12_pov_f",161,129
"2523840","Fiskdale CDP, Massachusetts","inc_12_pov",238,224
"2523840","Fiskdale CDP, Massachusetts","inc_12_pov_m",20,30
"2523840","Fiskdale CDP, Massachusetts","inc_12_pov_f",218,223
"2523875","Fitchburg city, Massachusetts","inc_12_pov",6096,957
"2523875","Fitchburg city, Massachusetts","inc_12_pov_m",2885,456
"2523875","Fitchburg city, Massachusetts","inc_12_pov_f",3211,602
"2524190","Forestdale CDP, Massachusetts","inc_12_pov",138,140
"2524190","Forestdale CDP, Massachusetts","inc_12_pov_m",77,76
"2524190","Forestdale CDP, Massachusetts","inc_12_pov_f",61,71
"2524855","Foxborough CDP, Massachusetts","inc_12_pov",677,364
"2524855","Foxborough CDP, Massachusetts","inc_12_pov_m",209,174
"2524855","Foxborough CDP, Massachusetts","inc_12_pov_f",468,290
"2524960","Framingham city, Massachusetts","inc_12_pov",5830,790
"2524960","Framingham city, Massachusetts","inc_12_pov_m",2207,384
"2524960","Framingham city, Massachusetts","inc_12_pov_f",3623,567
"2525172","Franklin Town city, Massachusetts","inc_12_pov",1294,404
"2525172","Franklin Town city, Massachusetts","inc_12_pov_m",607,205
"2525172","Franklin Town city, Massachusetts","inc_12_pov_f",687,258
"2525485","Gardner city, Massachusetts","inc_12_pov",2698,491
"2525485","Gardner city, Massachusetts","inc_12_pov_m",1291,300
"2525485","Gardner city, Massachusetts","inc_12_pov_f",1407,305
"2526150","Gloucester city, Massachusetts","inc_12_pov",2991,488
"2526150","Gloucester city, Massachusetts","inc_12_pov_m",1330,311
"2526150","Gloucester city, Massachusetts","inc_12_pov_f",1661,293
"2526500","Granby CDP, Massachusetts","inc_12_pov",32,38
"2526500","Granby CDP, Massachusetts","inc_12_pov_m",12,20
"2526500","Granby CDP, Massachusetts","inc_12_pov_f",20,32
"2526780","Great Barrington CDP, Massachusetts","inc_12_pov",127,101
"2526780","Great Barrington CDP, Massachusetts","inc_12_pov_m",80,88
"2526780","Great Barrington CDP, Massachusetts","inc_12_pov_f",47,52
"2527100","Greenfield Town city, Massachusetts","inc_12_pov",1918,346
"2527100","Greenfield Town city, Massachusetts","inc_12_pov_m",902,208
"2527100","Greenfield Town city, Massachusetts","inc_12_pov_f",1016,244
"2527147","Green Harbor-Cedar Crest CDP, Massachusetts","inc_12_pov",66,71
"2527147","Green Harbor-Cedar Crest CDP, Massachusetts","inc_12_pov_m",0,12
"2527147","Green Harbor-Cedar Crest CDP, Massachusetts","inc_12_pov_f",66,71
"2527445","Groton CDP, Massachusetts","inc_12_pov",131,114
"2527445","Groton CDP, Massachusetts","inc_12_pov_m",88,94
"2527445","Groton CDP, Massachusetts","inc_12_pov_f",43,61
"2528425","Hanscom AFB CDP, Massachusetts","inc_12_pov",0,12
"2528425","Hanscom AFB CDP, Massachusetts","inc_12_pov_m",0,12
"2528425","Hanscom AFB CDP, Massachusetts","inc_12_pov_f",0,12
"2528460","Hanson CDP, Massachusetts","inc_12_pov",65,49
"2528460","Hanson CDP, Massachusetts","inc_12_pov_m",28,24
"2528460","Hanson CDP, Massachusetts","inc_12_pov_f",37,31
"2529055","Harwich Center CDP, Massachusetts","inc_12_pov",36,58
"2529055","Harwich Center CDP, Massachusetts","inc_12_pov_m",0,12
"2529055","Harwich Center CDP, Massachusetts","inc_12_pov_f",36,58
"2529090","Harwich Port CDP, Massachusetts","inc_12_pov",200,104
"2529090","Harwich Port CDP, Massachusetts","inc_12_pov_m",139,93
"2529090","Harwich Port CDP, Massachusetts","inc_12_pov_f",61,44
"2529230","Hatfield CDP, Massachusetts","inc_12_pov",62,42
"2529230","Hatfield CDP, Massachusetts","inc_12_pov_m",25,26
"2529230","Hatfield CDP, Massachusetts","inc_12_pov_f",37,31
"2529405","Haverhill city, Massachusetts","inc_12_pov",7836,992
"2529405","Haverhill city, Massachusetts","inc_12_pov_m",3398,505
"2529405","Haverhill city, Massachusetts","inc_12_pov_f",4438,640
"2530175","Hingham CDP, Massachusetts","inc_12_pov",181,90
"2530175","Hingham CDP, Massachusetts","inc_12_pov_m",48,30
"2530175","Hingham CDP, Massachusetts","inc_12_pov_f",133,80
"2530420","Holbrook CDP, Massachusetts","inc_12_pov",631,298
"2530420","Holbrook CDP, Massachusetts","inc_12_pov_m",296,180
"2530420","Holbrook CDP, Massachusetts","inc_12_pov_f",335,173
"2530630","Holland CDP, Massachusetts","inc_12_pov",85,46
"2530630","Holland CDP, Massachusetts","inc_12_pov_m",66,34
"2530630","Holland CDP, Massachusetts","inc_12_pov_f",19,18
"2530840","Holyoke city, Massachusetts","inc_12_pov",11471,1015
"2530840","Holyoke city, Massachusetts","inc_12_pov_m",4918,635
"2530840","Holyoke city, Massachusetts","inc_12_pov_f",6553,595
"2530980","Hopedale CDP, Massachusetts","inc_12_pov",165,106
"2530980","Hopedale CDP, Massachusetts","inc_12_pov_m",80,68
"2530980","Hopedale CDP, Massachusetts","inc_12_pov_f",85,54
"2531050","Hopkinton CDP, Massachusetts","inc_12_pov",77,47
"2531050","Hopkinton CDP, Massachusetts","inc_12_pov_m",13,10
"2531050","Hopkinton CDP, Massachusetts","inc_12_pov_f",64,49
"2531295","Housatonic CDP, Massachusetts","inc_12_pov",106,133
"2531295","Housatonic CDP, Massachusetts","inc_12_pov_m",95,132
"2531295","Housatonic CDP, Massachusetts","inc_12_pov_f",11,17
"2531575","Hudson CDP, Massachusetts","inc_12_pov",874,338
"2531575","Hudson CDP, Massachusetts","inc_12_pov_m",299,144
"2531575","Hudson CDP, Massachusetts","inc_12_pov_f",575,240
"2531680","Hull CDP, Massachusetts","inc_12_pov",498,150
"2531680","Hull CDP, Massachusetts","inc_12_pov_m",230,85
"2531680","Hull CDP, Massachusetts","inc_12_pov_f",268,98
"2531750","Huntington CDP, Massachusetts","inc_12_pov",57,39
"2531750","Huntington CDP, Massachusetts","inc_12_pov_m",23,26
"2531750","Huntington CDP, Massachusetts","inc_12_pov_f",34,25
"2532275","Ipswich CDP, Massachusetts","inc_12_pov",449,175
"2532275","Ipswich CDP, Massachusetts","inc_12_pov_m",183,96
"2532275","Ipswich CDP, Massachusetts","inc_12_pov_f",266,129
"2533185","Kingston CDP, Massachusetts","inc_12_pov",184,158
"2533185","Kingston CDP, Massachusetts","inc_12_pov_m",92,79
"2533185","Kingston CDP, Massachusetts","inc_12_pov_f",92,110
"2534550","Lawrence city, Massachusetts","inc_12_pov",16819,1360
"2534550","Lawrence city, Massachusetts","inc_12_pov_m",7334,682
"2534550","Lawrence city, Massachusetts","inc_12_pov_f",9485,900
"2534620","Lee CDP, Massachusetts","inc_12_pov",38,36
"2534620","Lee CDP, Massachusetts","inc_12_pov_m",0,12
"2534620","Lee CDP, Massachusetts","inc_12_pov_f",38,36
"2534935","Lenox CDP, Massachusetts","inc_12_pov",128,70
"2534935","Lenox CDP, Massachusetts","inc_12_pov_m",36,30
"2534935","Lenox CDP, Massachusetts","inc_12_pov_f",92,62
"2535075","Leominster city, Massachusetts","inc_12_pov",5186,899
"2535075","Leominster city, Massachusetts","inc_12_pov_m",1919,464
"2535075","Leominster city, Massachusetts","inc_12_pov_f",3267,572
"2535250","Lexington CDP, Massachusetts","inc_12_pov",1071,260
"2535250","Lexington CDP, Massachusetts","inc_12_pov_m",384,143
"2535250","Lexington CDP, Massachusetts","inc_12_pov_f",687,176
"2536020","Littleton Common CDP, Massachusetts","inc_12_pov",234,132
"2536020","Littleton Common CDP, Massachusetts","inc_12_pov_m",103,85
"2536020","Littleton Common CDP, Massachusetts","inc_12_pov_f",131,70
"2536335","Longmeadow CDP, Massachusetts","inc_12_pov",337,131
"2536335","Longmeadow CDP, Massachusetts","inc_12_pov_m",113,63
"2536335","Longmeadow CDP, Massachusetts","inc_12_pov_f",224,100
"2537000","Lowell city, Massachusetts","inc_12_pov",20168,1487
"2537000","Lowell city, Massachusetts","inc_12_pov_m",9932,935
"2537000","Lowell city, Massachusetts","inc_12_pov_f",10236,876
"2537385","Lunenburg CDP, Massachusetts","inc_12_pov",52,60
"2537385","Lunenburg CDP, Massachusetts","inc_12_pov_m",7,11
"2537385","Lunenburg CDP, Massachusetts","inc_12_pov_f",45,51
"2537490","Lynn city, Massachusetts","inc_12_pov",15511,1509
"2537490","Lynn city, Massachusetts","inc_12_pov_m",6631,789
"2537490","Lynn city, Massachusetts","inc_12_pov_f",8880,954
"2537595","Lynnfield CDP, Massachusetts","inc_12_pov",263,140
"2537595","Lynnfield CDP, Massachusetts","inc_12_pov_m",106,76
"2537595","Lynnfield CDP, Massachusetts","inc_12_pov_f",157,83
"2537735","Madaket CDP, Massachusetts","inc_12_pov",60,71
"2537735","Madaket CDP, Massachusetts","inc_12_pov_m",13,21
"2537735","Madaket CDP, Massachusetts","inc_12_pov_f",47,73
"2537875","Malden city, Massachusetts","inc_12_pov",9400,1465
"2537875","Malden city, Massachusetts","inc_12_pov_m",3895,741
"2537875","Malden city, Massachusetts","inc_12_pov_f",5505,900
"2538230","Mansfield Center CDP, Massachusetts","inc_12_pov",326,166
"2538230","Mansfield Center CDP, Massachusetts","inc_12_pov_m",146,97
"2538230","Mansfield Center CDP, Massachusetts","inc_12_pov_f",180,98
"2538435","Marblehead CDP, Massachusetts","inc_12_pov",905,330
"2538435","Marblehead CDP, Massachusetts","inc_12_pov_m",387,182
"2538435","Marblehead CDP, Massachusetts","inc_12_pov_f",518,193
"2538575","Marion Center CDP, Massachusetts","inc_12_pov",99,110
"2538575","Marion Center CDP, Massachusetts","inc_12_pov_m",14,17
"2538575","Marion Center CDP, Massachusetts","inc_12_pov_f",85,108
"2538715","Marlborough city, Massachusetts","inc_12_pov",2217,771
"2538715","Marlborough city, Massachusetts","inc_12_pov_m",780,241
"2538715","Marlborough city, Massachusetts","inc_12_pov_f",1437,628
"2538820","Marshfield CDP, Massachusetts","inc_12_pov",402,213
"2538820","Marshfield CDP, Massachusetts","inc_12_pov_m",209,105
"2538820","Marshfield CDP, Massachusetts","inc_12_pov_f",193,152
"2538960","Marshfield Hills CDP, Massachusetts","inc_12_pov",326,364
"2538960","Marshfield Hills CDP, Massachusetts","inc_12_pov_m",160,187
"2538960","Marshfield Hills CDP, Massachusetts","inc_12_pov_f",166,180
"2539152","Mashpee Neck CDP, Massachusetts","inc_12_pov",69,58
"2539152","Mashpee Neck CDP, Massachusetts","inc_12_pov_m",11,18
"2539152","Mashpee Neck CDP, Massachusetts","inc_12_pov_f",58,49
"2539485","Mattapoisett Center CDP, Massachusetts","inc_12_pov",95,80
"2539485","Mattapoisett Center CDP, Massachusetts","inc_12_pov_m",38,40
"2539485","Mattapoisett Center CDP, Massachusetts","inc_12_pov_f",57,55
"2539660","Maynard CDP, Massachusetts","inc_12_pov",407,182
"2539660","Maynard CDP, Massachusetts","inc_12_pov_m",179,85
"2539660","Maynard CDP, Massachusetts","inc_12_pov_f",228,121
"2539730","Medfield CDP, Massachusetts","inc_12_pov",279,117
"2539730","Medfield CDP, Massachusetts","inc_12_pov_m",141,94
"2539730","Medfield CDP, Massachusetts","inc_12_pov_f",138,62
"2539835","Medford city, Massachusetts","inc_12_pov",4848,860
"2539835","Medford city, Massachusetts","inc_12_pov_m",2488,565
"2539835","Medford city, Massachusetts","inc_12_pov_f",2360,536
"2540115","Melrose city, Massachusetts","inc_12_pov",1134,336
"2540115","Melrose city, Massachusetts","inc_12_pov_m",442,181
"2540115","Melrose city, Massachusetts","inc_12_pov_f",692,215
"2540710","Methuen Town city, Massachusetts","inc_12_pov",4611,792
"2540710","Methuen Town city, Massachusetts","inc_12_pov_m",2180,445
"2540710","Methuen Town city, Massachusetts","inc_12_pov_f",2431,426
"2540885","Middleborough Center CDP, Massachusetts","inc_12_pov",1315,585
"2540885","Middleborough Center CDP, Massachusetts","inc_12_pov_m",554,251
"2540885","Middleborough Center CDP, Massachusetts","inc_12_pov_f",761,374
"2541200","Milford CDP, Massachusetts","inc_12_pov",2869,776
"2541200","Milford CDP, Massachusetts","inc_12_pov_m",1340,458
"2541200","Milford CDP, Massachusetts","inc_12_pov_f",1529,443
"2541410","Millers Falls CDP, Massachusetts","inc_12_pov",130,51
"2541410","Millers Falls CDP, Massachusetts","inc_12_pov_m",30,24
"2541410","Millers Falls CDP, Massachusetts","inc_12_pov_f",100,37
"2541532","Millis-Clicquot CDP, Massachusetts","inc_12_pov",124,110
"2541532","Millis-Clicquot CDP, Massachusetts","inc_12_pov_m",36,42
"2541532","Millis-Clicquot CDP, Massachusetts","inc_12_pov_f",88,83
"2541725","Milton CDP, Massachusetts","inc_12_pov",1204,364
"2541725","Milton CDP, Massachusetts","inc_12_pov_m",372,182
"2541725","Milton CDP, Massachusetts","inc_12_pov_f",832,278
"2541960","Monomoscoy Island CDP, Massachusetts","inc_12_pov",0,12
"2541960","Monomoscoy Island CDP, Massachusetts","inc_12_pov_m",0,12
"2541960","Monomoscoy Island CDP, Massachusetts","inc_12_pov_f",0,12
"2542180","Monson Center CDP, Massachusetts","inc_12_pov",174,119
"2542180","Monson Center CDP, Massachusetts","inc_12_pov_m",106,76
"2542180","Monson Center CDP, Massachusetts","inc_12_pov_f",68,50
"2542670","Monument Beach CDP, Massachusetts","inc_12_pov",137,112
"2542670","Monument Beach CDP, Massachusetts","inc_12_pov_m",14,22
"2542670","Monument Beach CDP, Massachusetts","inc_12_pov_f",123,106
"2543615","Nahant CDP, Massachusetts","inc_12_pov",82,60
"2543615","Nahant CDP, Massachusetts","inc_12_pov_m",24,30
"2543615","Nahant CDP, Massachusetts","inc_12_pov_f",58,44
"2543755","Nantucket CDP, Massachusetts","inc_12_pov",551,204
"2543755","Nantucket CDP, Massachusetts","inc_12_pov_m",246,113
"2543755","Nantucket CDP, Massachusetts","inc_12_pov_f",305,160
"2544140","Needham CDP, Massachusetts","inc_12_pov",823,279
"2544140","Needham CDP, Massachusetts","inc_12_pov_m",223,101
"2544140","Needham CDP, Massachusetts","inc_12_pov_f",600,255
"2545000","New Bedford city, Massachusetts","inc_12_pov",18951,1170
"2545000","New Bedford city, Massachusetts","inc_12_pov_m",8350,682
"2545000","New Bedford city, Massachusetts","inc_12_pov_f",10601,777
"2545245","Newburyport city, Massachusetts","inc_12_pov",1059,521
"2545245","Newburyport city, Massachusetts","inc_12_pov_m",382,181
"2545245","Newburyport city, Massachusetts","inc_12_pov_f",677,373
"2545500","New Seabury CDP, Massachusetts","inc_12_pov",25,23
"2545500","New Seabury CDP, Massachusetts","inc_12_pov_m",18,19
"2545500","New Seabury CDP, Massachusetts","inc_12_pov_f",7,12
"2545560","Newton city, Massachusetts","inc_12_pov",3522,632
"2545560","Newton city, Massachusetts","inc_12_pov_m",1402,297
"2545560","Newton city, Massachusetts","inc_12_pov_f",2120,437
"2546225","North Adams city, Massachusetts","inc_12_pov",2300,492
"2546225","North Adams city, Massachusetts","inc_12_pov_m",1017,336
"2546225","North Adams city, Massachusetts","inc_12_pov_f",1283,248
"2546295","North Amherst CDP, Massachusetts","inc_12_pov",1811,588
"2546295","North Amherst CDP, Massachusetts","inc_12_pov_m",971,349
"2546295","North Amherst CDP, Massachusetts","inc_12_pov_f",840,486
"2546330","Northampton city, Massachusetts","inc_12_pov",3407,530
"2546330","Northampton city, Massachusetts","inc_12_pov_m",1511,306
"2546330","Northampton city, Massachusetts","inc_12_pov_f",1896,382
"2546785","Northborough CDP, Massachusetts","inc_12_pov",203,120
"2546785","Northborough CDP, Massachusetts","inc_12_pov_m",41,46
"2546785","Northborough CDP, Massachusetts","inc_12_pov_f",162,92
"2547100","North Brookfield CDP, Massachusetts","inc_12_pov",127,96
"2547100","North Brookfield CDP, Massachusetts","inc_12_pov_m",34,40
"2547100","North Brookfield CDP, Massachusetts","inc_12_pov_f",93,68
"2547590","North Eastham CDP, Massachusetts","inc_12_pov",149,121
"2547590","North Eastham CDP, Massachusetts","inc_12_pov_m",20,22
"2547590","North Eastham CDP, Massachusetts","inc_12_pov_f",129,115
"2547730","North Falmouth CDP, Massachusetts","inc_12_pov",69,56
"2547730","North Falmouth CDP, Massachusetts","inc_12_pov_m",58,49
"2547730","North Falmouth CDP, Massachusetts","inc_12_pov_f",11,16
"2547800","Northfield CDP, Massachusetts","inc_12_pov",61,44
"2547800","Northfield CDP, Massachusetts","inc_12_pov_m",29,33
"2547800","Northfield CDP, Massachusetts","inc_12_pov_f",32,31
"2548220","North Lakeville CDP, Massachusetts","inc_12_pov",170,109
"2548220","North Lakeville CDP, Massachusetts","inc_12_pov_m",61,42
"2548220","North Lakeville CDP, Massachusetts","inc_12_pov_f",109,78
"2548710","North Pembroke CDP, Massachusetts","inc_12_pov",128,149
"2548710","North Pembroke CDP, Massachusetts","inc_12_pov_m",5,7
"2548710","North Pembroke CDP, Massachusetts","inc_12_pov_f",123,149
"2548780","North Plymouth CDP, Massachusetts","inc_12_pov",730,318
"2548780","North Plymouth CDP, Massachusetts","inc_12_pov_m",392,202
"2548780","North Plymouth CDP, Massachusetts","inc_12_pov_f",338,160
"2549165","North Scituate CDP, Massachusetts","inc_12_pov",186,111
"2549165","North Scituate CDP, Massachusetts","inc_12_pov_m",45,38
"2549165","North Scituate CDP, Massachusetts","inc_12_pov_f",141,103
"2549200","North Seekonk CDP, Massachusetts","inc_12_pov",196,175
"2549200","North Seekonk CDP, Massachusetts","inc_12_pov_m",98,96
"2549200","North Seekonk CDP, Massachusetts","inc_12_pov_f",98,83
"2549700","Northwest Harwich CDP, Massachusetts","inc_12_pov",300,139
"2549700","Northwest Harwich CDP, Massachusetts","inc_12_pov_m",96,65
"2549700","Northwest Harwich CDP, Massachusetts","inc_12_pov_f",204,105
"2549710","North Westport CDP, Massachusetts","inc_12_pov",345,179
"2549710","North Westport CDP, Massachusetts","inc_12_pov_m",149,110
"2549710","North Westport CDP, Massachusetts","inc_12_pov_f",196,102
"2550005","Norton Center CDP, Massachusetts","inc_12_pov",210,113
"2550005","Norton Center CDP, Massachusetts","inc_12_pov_m",197,112
"2550005","Norton Center CDP, Massachusetts","inc_12_pov_f",13,15
"2550285","Norwood CDP, Massachusetts","inc_12_pov",2350,614
"2550285","Norwood CDP, Massachusetts","inc_12_pov_m",871,318
"2550285","Norwood CDP, Massachusetts","inc_12_pov_f",1479,469
"2550862","Ocean Bluff-Brant Rock CDP, Massachusetts","inc_12_pov",354,181
"2550862","Ocean Bluff-Brant Rock CDP, Massachusetts","inc_12_pov_m",207,151
"2550862","Ocean Bluff-Brant Rock CDP, Massachusetts","inc_12_pov_f",147,107
"2550880","Ocean Grove CDP, Massachusetts","inc_12_pov",378,175
"2550880","Ocean Grove CDP, Massachusetts","inc_12_pov_m",198,138
"2550880","Ocean Grove CDP, Massachusetts","inc_12_pov_f",180,115
"2551160","Onset CDP, Massachusetts","inc_12_pov",201,155
"2551160","Onset CDP, Massachusetts","inc_12_pov_m",91,90
"2551160","Onset CDP, Massachusetts","inc_12_pov_f",110,92
"2551230","Orange CDP, Massachusetts","inc_12_pov",355,144
"2551230","Orange CDP, Massachusetts","inc_12_pov_m",178,82
"2551230","Orange CDP, Massachusetts","inc_12_pov_f",177,97
"2551405","Orleans CDP, Massachusetts","inc_12_pov",185,89
"2551405","Orleans CDP, Massachusetts","inc_12_pov_m",57,51
"2551405","Orleans CDP, Massachusetts","inc_12_pov_f",128,64
"2551790","Oxford CDP, Massachusetts","inc_12_pov",397,247
"2551790","Oxford CDP, Massachusetts","inc_12_pov_m",212,131
"2551790","Oxford CDP, Massachusetts","inc_12_pov_f",185,151
"2552144","Palmer Town city, Massachusetts","inc_12_pov",1379,451
"2552144","Palmer Town city, Massachusetts","inc_12_pov_m",648,228
"2552144","Palmer Town city, Massachusetts","inc_12_pov_f",731,269
"2552490","Peabody city, Massachusetts","inc_12_pov",4515,773
"2552490","Peabody city, Massachusetts","inc_12_pov_m",1650,370
"2552490","Peabody city, Massachusetts","inc_12_pov_f",2865,535
"2552770","Pepperell CDP, Massachusetts","inc_12_pov",404,204
"2552770","Pepperell CDP, Massachusetts","inc_12_pov_m",265,154
"2552770","Pepperell CDP, Massachusetts","inc_12_pov_f",139,77
"2553085","Petersham CDP, Massachusetts","inc_12_pov",11,11
"2553085","Petersham CDP, Massachusetts","inc_12_pov_m",8,8
"2553085","Petersham CDP, Massachusetts","inc_12_pov_f",3,4
"2553680","Pinehurst CDP, Massachusetts","inc_12_pov",293,138
"2553680","Pinehurst CDP, Massachusetts","inc_12_pov_m",90,54
"2553680","Pinehurst CDP, Massachusetts","inc_12_pov_f",203,104
"2553960","Pittsfield city, Massachusetts","inc_12_pov",5602,717
"2553960","Pittsfield city, Massachusetts","inc_12_pov_m",2745,422
"2553960","Pittsfield city, Massachusetts","inc_12_pov_f",2857,433
"2554275","Plymouth CDP, Massachusetts","inc_12_pov",452,189
"2554275","Plymouth CDP, Massachusetts","inc_12_pov_m",144,95
"2554275","Plymouth CDP, Massachusetts","inc_12_pov_f",308,133
"2554450","Pocasset CDP, Massachusetts","inc_12_pov",146,87
"2554450","Pocasset CDP, Massachusetts","inc_12_pov_m",55,43
"2554450","Pocasset CDP, Massachusetts","inc_12_pov_f",91,65
"2555070","Popponesset CDP, Massachusetts","inc_12_pov",66,79
"2555070","Popponesset CDP, Massachusetts","inc_12_pov_m",34,42
"2555070","Popponesset CDP, Massachusetts","inc_12_pov_f",32,40
"2555090","Popponesset Island CDP, Massachusetts","inc_12_pov",0,12
"2555090","Popponesset Island CDP, Massachusetts","inc_12_pov_m",0,12
"2555090","Popponesset Island CDP, Massachusetts","inc_12_pov_f",0,12
"2555535","Provincetown CDP, Massachusetts","inc_12_pov",280,109
"2555535","Provincetown CDP, Massachusetts","inc_12_pov_m",216,90
"2555535","Provincetown CDP, Massachusetts","inc_12_pov_f",64,44
"2555745","Quincy city, Massachusetts","inc_12_pov",10502,1257
"2555745","Quincy city, Massachusetts","inc_12_pov_m",4554,728
"2555745","Quincy city, Massachusetts","inc_12_pov_f",5948,731
"2556000","Randolph Town city, Massachusetts","inc_12_pov",2882,700
"2556000","Randolph Town city, Massachusetts","inc_12_pov_m",1237,347
"2556000","Randolph Town city, Massachusetts","inc_12_pov_f",1645,481
"2556095","Raynham Center CDP, Massachusetts","inc_12_pov",273,219
"2556095","Raynham Center CDP, Massachusetts","inc_12_pov_m",55,61
"2556095","Raynham Center CDP, Massachusetts","inc_12_pov_f",218,178
"2556165","Reading CDP, Massachusetts","inc_12_pov",700,241
"2556165","Reading CDP, Massachusetts","inc_12_pov_m",269,137
"2556165","Reading CDP, Massachusetts","inc_12_pov_f",431,152
"2556585","Revere city, Massachusetts","inc_12_pov",6786,940
"2556585","Revere city, Massachusetts","inc_12_pov_m",2890,505
"2556585","Revere city, Massachusetts","inc_12_pov_f",3896,596
"2557845","Rockport CDP, Massachusetts","inc_12_pov",302,125
"2557845","Rockport CDP, Massachusetts","inc_12_pov_m",97,53
"2557845","Rockport CDP, Massachusetts","inc_12_pov_f",205,93
"2558370","Rowley CDP, Massachusetts","inc_12_pov",30,37
"2558370","Rowley CDP, Massachusetts","inc_12_pov_m",30,37
"2558370","Rowley CDP, Massachusetts","inc_12_pov_f",0,12
"2558615","Russell CDP, Massachusetts","inc_12_pov",47,43
"2558615","Russell CDP, Massachusetts","inc_12_pov_m",17,21
"2558615","Russell CDP, Massachusetts","inc_12_pov_f",30,27
"2558790","Rutland CDP, Massachusetts","inc_12_pov",136,150
"2558790","Rutland CDP, Massachusetts","inc_12_pov_m",71,77
"2558790","Rutland CDP, Massachusetts","inc_12_pov_f",65,73
"2558965","Sagamore CDP, Massachusetts","inc_12_pov",165,111
"2558965","Sagamore CDP, Massachusetts","inc_12_pov_m",53,46
"2558965","Sagamore CDP, Massachusetts","inc_12_pov_f",112,72
"2559105","Salem city, Massachusetts","inc_12_pov",6093,970
"2559105","Salem city, Massachusetts","inc_12_pov_m",1967,332
"2559105","Salem city, Massachusetts","inc_12_pov_f",4126,812
"2559210","Salisbury CDP, Massachusetts","inc_12_pov",287,148
"2559210","Salisbury CDP, Massachusetts","inc_12_pov_m",62,44
"2559210","Salisbury CDP, Massachusetts","inc_12_pov_f",225,140
"2559700","Sandwich CDP, Massachusetts","inc_12_pov",213,131
"2559700","Sandwich CDP, Massachusetts","inc_12_pov_m",94,79
"2559700","Sandwich CDP, Massachusetts","inc_12_pov_f",119,70
"2560050","Saugus CDP, Massachusetts","inc_12_pov",2748,793
"2560050","Saugus CDP, Massachusetts","inc_12_pov_m",1225,442
"2560050","Saugus CDP, Massachusetts","inc_12_pov_f",1523,475
"2560295","Scituate CDP, Massachusetts","inc_12_pov",261,189
"2560295","Scituate CDP, Massachusetts","inc_12_pov_m",64,59
"2560295","Scituate CDP, Massachusetts","inc_12_pov_f",197,138
"2560505","Seabrook CDP, Massachusetts","inc_12_pov",18,20
"2560505","Seabrook CDP, Massachusetts","inc_12_pov_m",0,12
"2560505","Seabrook CDP, Massachusetts","inc_12_pov_f",18,20
"2560627","Seconsett Island CDP, Massachusetts","inc_12_pov",0,12
"2560627","Seconsett Island CDP, Massachusetts","inc_12_pov_m",0,12
"2560627","Seconsett Island CDP, Massachusetts","inc_12_pov_f",0,12
"2560820","Sharon CDP, Massachusetts","inc_12_pov",120,76
"2560820","Sharon CDP, Massachusetts","inc_12_pov_m",66,65
"2560820","Sharon CDP, Massachusetts","inc_12_pov_f",54,46
"2561205","Shelburne Falls CDP, Massachusetts","inc_12_pov",273,99
"2561205","Shelburne Falls CDP, Massachusetts","inc_12_pov_m",177,84
"2561205","Shelburne Falls CDP, Massachusetts","inc_12_pov_f",96,43
"2561555","Shirley CDP, Massachusetts","inc_12_pov",107,88
"2561555","Shirley CDP, Massachusetts","inc_12_pov_m",75,61
"2561555","Shirley CDP, Massachusetts","inc_12_pov_f",32,38
"2561940","Siasconset CDP, Massachusetts","inc_12_pov",9,19
"2561940","Siasconset CDP, Massachusetts","inc_12_pov_m",0,12
"2561940","Siasconset CDP, Massachusetts","inc_12_pov_f",9,19
"2562300","Smith Mills CDP, Massachusetts","inc_12_pov",544,199
"2562300","Smith Mills CDP, Massachusetts","inc_12_pov_m",110,76
"2562300","Smith Mills CDP, Massachusetts","inc_12_pov_f",434,190
"2562465","Somerset CDP, Massachusetts","inc_12_pov",702,215
"2562465","Somerset CDP, Massachusetts","inc_12_pov_m",292,115
"2562465","Somerset CDP, Massachusetts","inc_12_pov_f",410,151
"2562535","Somerville city, Massachusetts","inc_12_pov",8980,1091
"2562535","Somerville city, Massachusetts","inc_12_pov_m",3864,648
"2562535","Somerville city, Massachusetts","inc_12_pov_f",5116,745
"2562675","South Amherst CDP, Massachusetts","inc_12_pov",612,381
"2562675","South Amherst CDP, Massachusetts","inc_12_pov_m",400,313
"2562675","South Amherst CDP, Massachusetts","inc_12_pov_f",212,146
"2562780","South Ashburnham CDP, Massachusetts","inc_12_pov",0,12
"2562780","South Ashburnham CDP, Massachusetts","inc_12_pov_m",0,12
"2562780","South Ashburnham CDP, Massachusetts","inc_12_pov_f",0,12
"2563345","Southbridge Town city, Massachusetts","inc_12_pov",3460,562
"2563345","Southbridge Town city, Massachusetts","inc_12_pov_m",1275,264
"2563345","Southbridge Town city, Massachusetts","inc_12_pov_f",2185,370
"2563620","South Deerfield CDP, Massachusetts","inc_12_pov",42,63
"2563620","South Deerfield CDP, Massachusetts","inc_12_pov_m",22,33
"2563620","South Deerfield CDP, Massachusetts","inc_12_pov_f",20,30
"2563655","South Dennis CDP, Massachusetts","inc_12_pov",293,120
"2563655","South Dennis CDP, Massachusetts","inc_12_pov_m",103,73
"2563655","South Dennis CDP, Massachusetts","inc_12_pov_f",190,75
"2563690","South Duxbury CDP, Massachusetts","inc_12_pov",95,59
"2563690","South Duxbury CDP, Massachusetts","inc_12_pov_m",21,25
"2563690","South Duxbury CDP, Massachusetts","inc_12_pov_f",74,46
"2564460","South Lancaster CDP, Massachusetts","inc_12_pov",124,132
"2564460","South Lancaster CDP, Massachusetts","inc_12_pov_m",24,39
"2564460","South Lancaster CDP, Massachusetts","inc_12_pov_f",100,128
"2566035","South Yarmouth CDP, Massachusetts","inc_12_pov",787,270
"2566035","South Yarmouth CDP, Massachusetts","inc_12_pov_m",163,76
"2566035","South Yarmouth CDP, Massachusetts","inc_12_pov_f",624,252
"2566070","Spencer CDP, Massachusetts","inc_12_pov",707,287
"2566070","Spencer CDP, Massachusetts","inc_12_pov_m",372,169
"2566070","Spencer CDP, Massachusetts","inc_12_pov_f",335,181
"2567000","Springfield city, Massachusetts","inc_12_pov",40102,1992
"2567000","Springfield city, Massachusetts","inc_12_pov_m",17030,1200
"2567000","Springfield city, Massachusetts","inc_12_pov_f",23072,1228
"2567700","Stoneham CDP, Massachusetts","inc_12_pov",1162,286
"2567700","Stoneham CDP, Massachusetts","inc_12_pov_m",675,216
"2567700","Stoneham CDP, Massachusetts","inc_12_pov_f",487,151
"2568120","Sturbridge CDP, Massachusetts","inc_12_pov",113,154
"2568120","Sturbridge CDP, Massachusetts","inc_12_pov_m",23,37
"2568120","Sturbridge CDP, Massachusetts","inc_12_pov_f",90,118
"2568680","Swampscott CDP, Massachusetts","inc_12_pov",462,185
"2568680","Swampscott CDP, Massachusetts","inc_12_pov_m",119,72
"2568680","Swampscott CDP, Massachusetts","inc_12_pov_f",343,139
"2569170","Taunton city, Massachusetts","inc_12_pov",8030,1210
"2569170","Taunton city, Massachusetts","inc_12_pov_m",3314,549
"2569170","Taunton city, Massachusetts","inc_12_pov_f",4716,830
"2569205","Teaticket CDP, Massachusetts","inc_12_pov",105,88
"2569205","Teaticket CDP, Massachusetts","inc_12_pov_m",63,62
"2569205","Teaticket CDP, Massachusetts","inc_12_pov_f",42,33
"2569585","The Pinehills CDP, Massachusetts","inc_12_pov",69,56
"2569585","The Pinehills CDP, Massachusetts","inc_12_pov_m",0,12
"2569585","The Pinehills CDP, Massachusetts","inc_12_pov_f",69,56
"2570115","Topsfield CDP, Massachusetts","inc_12_pov",243,311
"2570115","Topsfield CDP, Massachusetts","inc_12_pov_m",157,237
"2570115","Topsfield CDP, Massachusetts","inc_12_pov_f",86,79
"2570325","Townsend CDP, Massachusetts","inc_12_pov",76,40
"2570325","Townsend CDP, Massachusetts","inc_12_pov_m",36,31
"2570325","Townsend CDP, Massachusetts","inc_12_pov_f",40,29
"2570815","Turners Falls CDP, Massachusetts","inc_12_pov",510,180
"2570815","Turners Falls CDP, Massachusetts","inc_12_pov_m",173,83
"2570815","Turners Falls CDP, Massachusetts","inc_12_pov_f",337,146
"2571445","Upton CDP, Massachusetts","inc_12_pov",59,36
"2571445","Upton CDP, Massachusetts","inc_12_pov_m",41,31
"2571445","Upton CDP, Massachusetts","inc_12_pov_f",18,20
"2571970","Vineyard Haven CDP, Massachusetts","inc_12_pov",169,105
"2571970","Vineyard Haven CDP, Massachusetts","inc_12_pov_m",58,57
"2571970","Vineyard Haven CDP, Massachusetts","inc_12_pov_f",111,74
"2572250","Wakefield CDP, Massachusetts","inc_12_pov",1108,305
"2572250","Wakefield CDP, Massachusetts","inc_12_pov_m",456,165
"2572250","Wakefield CDP, Massachusetts","inc_12_pov_f",652,220
"2572460","Walpole CDP, Massachusetts","inc_12_pov",258,217
"2572460","Walpole CDP, Massachusetts","inc_12_pov_m",95,131
"2572460","Walpole CDP, Massachusetts","inc_12_pov_f",163,102
"2572600","Waltham city, Massachusetts","inc_12_pov",5183,1015
"2572600","Waltham city, Massachusetts","inc_12_pov_m",2484,453
"2572600","Waltham city, Massachusetts","inc_12_pov_f",2699,724
"2572845","Ware CDP, Massachusetts","inc_12_pov",1225,431
"2572845","Ware CDP, Massachusetts","inc_12_pov_m",505,220
"2572845","Ware CDP, Massachusetts","inc_12_pov_f",720,264
"2573020","Wareham Center CDP, Massachusetts","inc_12_pov",639,538
"2573020","Wareham Center CDP, Massachusetts","inc_12_pov_m",301,275
"2573020","Wareham Center CDP, Massachusetts","inc_12_pov_f",338,288
"2573055","Warren CDP, Massachusetts","inc_12_pov",87,79
"2573055","Warren CDP, Massachusetts","inc_12_pov_m",63,69
"2573055","Warren CDP, Massachusetts","inc_12_pov_f",24,36
"2573440","Watertown Town city, Massachusetts","inc_12_pov",2684,713
"2573440","Watertown Town city, Massachusetts","inc_12_pov_m",1032,425
"2573440","Watertown Town city, Massachusetts","inc_12_pov_f",1652,424
"2573930","Webster CDP, Massachusetts","inc_12_pov",1373,343
"2573930","Webster CDP, Massachusetts","inc_12_pov_m",519,189
"2573930","Webster CDP, Massachusetts","inc_12_pov_f",854,256
"2574210","Wellesley CDP, Massachusetts","inc_12_pov",1050,295
"2574210","Wellesley CDP, Massachusetts","inc_12_pov_m",420,163
"2574210","Wellesley CDP, Massachusetts","inc_12_pov_f",630,173
"2575050","Westborough CDP, Massachusetts","inc_12_pov",260,132
"2575050","Westborough CDP, Massachusetts","inc_12_pov_m",108,73
"2575050","Westborough CDP, Massachusetts","inc_12_pov_f",152,82
"2575365","West Brookfield CDP, Massachusetts","inc_12_pov",50,33
"2575365","West Brookfield CDP, Massachusetts","inc_12_pov_m",32,26
"2575365","West Brookfield CDP, Massachusetts","inc_12_pov_f",18,21
"2575505","West Chatham CDP, Massachusetts","inc_12_pov",200,178
"2575505","West Chatham CDP, Massachusetts","inc_12_pov_m",47,56
"2575505","West Chatham CDP, Massachusetts","inc_12_pov_f",153,163
"2575680","West Concord CDP, Massachusetts","inc_12_pov",315,138
"2575680","West Concord CDP, Massachusetts","inc_12_pov_m",122,73
"2575680","West Concord CDP, Massachusetts","inc_12_pov_f",193,103
"2575820","West Dennis CDP, Massachusetts","inc_12_pov",142,68
"2575820","West Dennis CDP, Massachusetts","inc_12_pov_m",99,60
"2575820","West Dennis CDP, Massachusetts","inc_12_pov_f",43,24
"2575960","West Falmouth CDP, Massachusetts","inc_12_pov",33,54
"2575960","West Falmouth CDP, Massachusetts","inc_12_pov_m",0,12
"2575960","West Falmouth CDP, Massachusetts","inc_12_pov_f",33,54
"2576030","Westfield city, Massachusetts","inc_12_pov",2752,563
"2576030","Westfield city, Massachusetts","inc_12_pov_m",1123,312
"2576030","Westfield city, Massachusetts","inc_12_pov_f",1629,352
"2577890","West Springfield Town city, Massachusetts","inc_12_pov",3227,734
"2577890","West Springfield Town city, Massachusetts","inc_12_pov_m",1734,500
"2577890","West Springfield Town city, Massachusetts","inc_12_pov_f",1493,366
"2578410","West Wareham CDP, Massachusetts","inc_12_pov",101,65
"2578410","West Wareham CDP, Massachusetts","inc_12_pov_m",49,49
"2578410","West Wareham CDP, Massachusetts","inc_12_pov_f",52,44
"2578795","West Yarmouth CDP, Massachusetts","inc_12_pov",383,181
"2578795","West Yarmouth CDP, Massachusetts","inc_12_pov_m",139,101
"2578795","West Yarmouth CDP, Massachusetts","inc_12_pov_f",244,115
"2578850","Weweantic CDP, Massachusetts","inc_12_pov",178,237
"2578850","Weweantic CDP, Massachusetts","inc_12_pov_m",95,120
"2578850","Weweantic CDP, Massachusetts","inc_12_pov_f",83,117
"2578972","Weymouth Town city, Massachusetts","inc_12_pov",3363,663
"2578972","Weymouth Town city, Massachusetts","inc_12_pov_m",1349,333
"2578972","Weymouth Town city, Massachusetts","inc_12_pov_f",2014,440
"2579390","White Island Shores CDP, Massachusetts","inc_12_pov",292,239
"2579390","White Island Shores CDP, Massachusetts","inc_12_pov_m",218,175
"2579390","White Island Shores CDP, Massachusetts","inc_12_pov_f",74,94
"2579495","Whitinsville CDP, Massachusetts","inc_12_pov",436,175
"2579495","Whitinsville CDP, Massachusetts","inc_12_pov_m",172,91
"2579495","Whitinsville CDP, Massachusetts","inc_12_pov_f",264,138
"2579705","Wilbraham CDP, Massachusetts","inc_12_pov",112,63
"2579705","Wilbraham CDP, Massachusetts","inc_12_pov_m",112,63
"2579705","Wilbraham CDP, Massachusetts","inc_12_pov_f",0,12
"2579950","Williamstown CDP, Massachusetts","inc_12_pov",238,169
"2579950","Williamstown CDP, Massachusetts","inc_12_pov_m",92,71
"2579950","Williamstown CDP, Massachusetts","inc_12_pov_f",146,113
"2580195","Wilmington CDP, Massachusetts","inc_12_pov",665,242
"2580195","Wilmington CDP, Massachusetts","inc_12_pov_m",330,166
"2580195","Wilmington CDP, Massachusetts","inc_12_pov_f",335,130
"2580370","Winchendon CDP, Massachusetts","inc_12_pov",482,236
"2580370","Winchendon CDP, Massachusetts","inc_12_pov_m",203,151
"2580370","Winchendon CDP, Massachusetts","inc_12_pov_f",279,124
"2580545","Winchester CDP, Massachusetts","inc_12_pov",516,200
"2580545","Winchester CDP, Massachusetts","inc_12_pov_m",170,92
"2580545","Winchester CDP, Massachusetts","inc_12_pov_f",346,135
"2581005","Winthrop Town city, Massachusetts","inc_12_pov",1622,519
"2581005","Winthrop Town city, Massachusetts","inc_12_pov_m",560,246
"2581005","Winthrop Town city, Massachusetts","inc_12_pov_f",1062,322
"2581035","Woburn city, Massachusetts","inc_12_pov",2511,686
"2581035","Woburn city, Massachusetts","inc_12_pov_m",1027,294
"2581035","Woburn city, Massachusetts","inc_12_pov_f",1484,444
"2581245","Woods Hole CDP, Massachusetts","inc_12_pov",80,60
"2581245","Woods Hole CDP, Massachusetts","inc_12_pov_m",8,12
"2581245","Woods Hole CDP, Massachusetts","inc_12_pov_f",72,58
"2582000","Worcester city, Massachusetts","inc_12_pov",34325,1862
"2582000","Worcester city, Massachusetts","inc_12_pov_m",15412,1190
"2582000","Worcester city, Massachusetts","inc_12_pov_f",18913,1122
"2582595","Yarmouth Port CDP, Massachusetts","inc_12_pov",297,187
"2582595","Yarmouth Port CDP, Massachusetts","inc_12_pov_m",125,90
"2582595","Yarmouth Port CDP, Massachusetts","inc_12_pov_f",172,103
