"GEOID","NAME","variable","estimate","moe"
"2500135","Abington CDP, Massachusetts","inc_12_pov",579,209
"2500135","Abington CDP, Massachusetts","inc_12_pov_m",229,108
"2500135","Abington CDP, Massachusetts","inc_12_pov_f",350,141
"2500530","Acushnet Center CDP, Massachusetts","inc_12_pov",199,92
"2500530","Acushnet Center CDP, Massachusetts","inc_12_pov_m",58,35
"2500530","Acushnet Center CDP, Massachusetts","inc_12_pov_f",141,75
"2500590","Adams CDP, Massachusetts","inc_12_pov",652,231
"2500590","Adams CDP, Massachusetts","inc_12_pov_m",282,134
"2500590","Adams CDP, Massachusetts","inc_12_pov_f",370,131
"2500840","Agawam Town city, Massachusetts","inc_12_pov",2614,524
"2500840","Agawam Town city, Massachusetts","inc_12_pov_m",1107,315
"2500840","Agawam Town city, Massachusetts","inc_12_pov_f",1507,372
"2501260","Amesbury Town city, Massachusetts","inc_12_pov",835,236
"2501260","Amesbury Town city, Massachusetts","inc_12_pov_m",412,129
"2501260","Amesbury Town city, Massachusetts","inc_12_pov_f",423,156
"2501360","Amherst Center CDP, Massachusetts","inc_12_pov",2619,435
"2501360","Amherst Center CDP, Massachusetts","inc_12_pov_m",1255,450
"2501360","Amherst Center CDP, Massachusetts","inc_12_pov_f",1364,366
"2501430","Andover CDP, Massachusetts","inc_12_pov",753,204
"2501430","Andover CDP, Massachusetts","inc_12_pov_m",473,156
"2501430","Andover CDP, Massachusetts","inc_12_pov_f",280,94
"2501640","Arlington CDP, Massachusetts","inc_12_pov",2313,435
"2501640","Arlington CDP, Massachusetts","inc_12_pov_m",928,242
"2501640","Arlington CDP, Massachusetts","inc_12_pov_f",1385,314
"2502515","Athol CDP, Massachusetts","inc_12_pov",1591,549
"2502515","Athol CDP, Massachusetts","inc_12_pov_m",480,180
"2502515","Athol CDP, Massachusetts","inc_12_pov_f",1111,480
"2502690","Attleboro city, Massachusetts","inc_12_pov",4013,795
"2502690","Attleboro city, Massachusetts","inc_12_pov_m",1887,489
"2502690","Attleboro city, Massachusetts","inc_12_pov_f",2126,449
"2503040","Ayer CDP, Massachusetts","inc_12_pov",311,152
"2503040","Ayer CDP, Massachusetts","inc_12_pov_m",153,128
"2503040","Ayer CDP, Massachusetts","inc_12_pov_f",158,88
"2503355","Baldwinville CDP, Massachusetts","inc_12_pov",113,120
"2503355","Baldwinville CDP, Massachusetts","inc_12_pov_m",47,63
"2503355","Baldwinville CDP, Massachusetts","inc_12_pov_f",66,69
"2503690","Barnstable Town city, Massachusetts","inc_12_pov",4018,740
"2503690","Barnstable Town city, Massachusetts","inc_12_pov_m",1778,390
"2503690","Barnstable Town city, Massachusetts","inc_12_pov_f",2240,500
"2503705","Barre CDP, Massachusetts","inc_12_pov",42,39
"2503705","Barre CDP, Massachusetts","inc_12_pov_m",26,31
"2503705","Barre CDP, Massachusetts","inc_12_pov_f",16,24
"2504790","Belchertown CDP, Massachusetts","inc_12_pov",323,165
"2504790","Belchertown CDP, Massachusetts","inc_12_pov_m",139,99
"2504790","Belchertown CDP, Massachusetts","inc_12_pov_f",184,127
"2504965","Bellingham CDP, Massachusetts","inc_12_pov",138,97
"2504965","Bellingham CDP, Massachusetts","inc_12_pov_m",30,25
"2504965","Bellingham CDP, Massachusetts","inc_12_pov_f",108,90
"2505105","Belmont CDP, Massachusetts","inc_12_pov",1420,305
"2505105","Belmont CDP, Massachusetts","inc_12_pov_m",585,156
"2505105","Belmont CDP, Massachusetts","inc_12_pov_f",835,187
"2505595","Beverly city, Massachusetts","inc_12_pov",3173,678
"2505595","Beverly city, Massachusetts","inc_12_pov_m",1440,353
"2505595","Beverly city, Massachusetts","inc_12_pov_f",1733,433
"2506050","Blandford CDP, Massachusetts","inc_12_pov",38,34
"2506050","Blandford CDP, Massachusetts","inc_12_pov_m",15,17
"2506050","Blandford CDP, Massachusetts","inc_12_pov_f",23,17
"2506170","Bliss Corner CDP, Massachusetts","inc_12_pov",447,195
"2506170","Bliss Corner CDP, Massachusetts","inc_12_pov_m",189,83
"2506170","Bliss Corner CDP, Massachusetts","inc_12_pov_f",258,190
"2507000","Boston city, Massachusetts","inc_12_pov",128618,3132
"2507000","Boston city, Massachusetts","inc_12_pov_m",55217,1970
"2507000","Boston city, Massachusetts","inc_12_pov_f",73401,1950
"2507140","Bourne CDP, Massachusetts","inc_12_pov",47,44
"2507140","Bourne CDP, Massachusetts","inc_12_pov_m",0,12
"2507140","Bourne CDP, Massachusetts","inc_12_pov_f",47,44
"2507385","Boxford CDP, Massachusetts","inc_12_pov",197,274
"2507385","Boxford CDP, Massachusetts","inc_12_pov_m",62,93
"2507385","Boxford CDP, Massachusetts","inc_12_pov_f",135,182
"2507740","Braintree Town city, Massachusetts","inc_12_pov",1822,465
"2507740","Braintree Town city, Massachusetts","inc_12_pov_m",711,229
"2507740","Braintree Town city, Massachusetts","inc_12_pov_f",1111,299
"2507945","Brewster CDP, Massachusetts","inc_12_pov",60,65
"2507945","Brewster CDP, Massachusetts","inc_12_pov_m",15,24
"2507945","Brewster CDP, Massachusetts","inc_12_pov_f",45,51
"2508050","Bridgewater CDP, Massachusetts","inc_12_pov",1327,686
"2508050","Bridgewater CDP, Massachusetts","inc_12_pov_m",545,340
"2508050","Bridgewater CDP, Massachusetts","inc_12_pov_f",782,531
"2509000","Brockton city, Massachusetts","inc_12_pov",15703,1297
"2509000","Brockton city, Massachusetts","inc_12_pov_m",6507,720
"2509000","Brockton city, Massachusetts","inc_12_pov_f",9196,867
"2509070","Brookfield CDP, Massachusetts","inc_12_pov",37,38
"2509070","Brookfield CDP, Massachusetts","inc_12_pov_m",9,14
"2509070","Brookfield CDP, Massachusetts","inc_12_pov_f",28,30
"2509210","Brookline CDP, Massachusetts","inc_12_pov",6555,733
"2509210","Brookline CDP, Massachusetts","inc_12_pov_m",2879,504
"2509210","Brookline CDP, Massachusetts","inc_12_pov_f",3676,496
"2509875","Burlington CDP, Massachusetts","inc_12_pov",1041,291
"2509875","Burlington CDP, Massachusetts","inc_12_pov_m",398,205
"2509875","Burlington CDP, Massachusetts","inc_12_pov_f",643,223
"2510015","Buzzards Bay CDP, Massachusetts","inc_12_pov",245,169
"2510015","Buzzards Bay CDP, Massachusetts","inc_12_pov_m",109,88
"2510015","Buzzards Bay CDP, Massachusetts","inc_12_pov_f",136,94
"2511000","Cambridge city, Massachusetts","inc_12_pov",12738,1025
"2511000","Cambridge city, Massachusetts","inc_12_pov_m",6122,700
"2511000","Cambridge city, Massachusetts","inc_12_pov_f",6616,626
"2512960","Chatham CDP, Massachusetts","inc_12_pov",175,93
"2512960","Chatham CDP, Massachusetts","inc_12_pov_m",63,52
"2512960","Chatham CDP, Massachusetts","inc_12_pov_f",112,74
"2513205","Chelsea city, Massachusetts","inc_12_pov",7586,1061
"2513205","Chelsea city, Massachusetts","inc_12_pov_m",3117,580
"2513205","Chelsea city, Massachusetts","inc_12_pov_f",4469,633
"2513310","Cheshire CDP, Massachusetts","inc_12_pov",12,19
"2513310","Cheshire CDP, Massachusetts","inc_12_pov_m",0,12
"2513310","Cheshire CDP, Massachusetts","inc_12_pov_f",12,19
"2513450","Chester CDP, Massachusetts","inc_12_pov",86,72
"2513450","Chester CDP, Massachusetts","inc_12_pov_m",48,40
"2513450","Chester CDP, Massachusetts","inc_12_pov_f",38,36
"2513660","Chicopee city, Massachusetts","inc_12_pov",7939,864
"2513660","Chicopee city, Massachusetts","inc_12_pov_m",3609,569
"2513660","Chicopee city, Massachusetts","inc_12_pov_f",4330,530
"2514430","Clinton CDP, Massachusetts","inc_12_pov",692,192
"2514430","Clinton CDP, Massachusetts","inc_12_pov_m",232,108
"2514430","Clinton CDP, Massachusetts","inc_12_pov_f",460,143
"2514570","Cochituate CDP, Massachusetts","inc_12_pov",237,144
"2514570","Cochituate CDP, Massachusetts","inc_12_pov_m",75,83
"2514570","Cochituate CDP, Massachusetts","inc_12_pov_f",162,83
"2515340","Cordaville CDP, Massachusetts","inc_12_pov",15,14
"2515340","Cordaville CDP, Massachusetts","inc_12_pov_m",15,14
"2515340","Cordaville CDP, Massachusetts","inc_12_pov_f",0,12
"2516285","Danvers CDP, Massachusetts","inc_12_pov",1692,413
"2516285","Danvers CDP, Massachusetts","inc_12_pov_m",719,238
"2516285","Danvers CDP, Massachusetts","inc_12_pov_f",973,227
"2516530","Dedham CDP, Massachusetts","inc_12_pov",1221,394
"2516530","Dedham CDP, Massachusetts","inc_12_pov_m",431,181
"2516530","Dedham CDP, Massachusetts","inc_12_pov_f",790,292
"2516635","Deerfield CDP, Massachusetts","inc_12_pov",104,93
"2516635","Deerfield CDP, Massachusetts","inc_12_pov_m",39,52
"2516635","Deerfield CDP, Massachusetts","inc_12_pov_f",65,63
"2516740","Dennis CDP, Massachusetts","inc_12_pov",127,77
"2516740","Dennis CDP, Massachusetts","inc_12_pov_m",79,45
"2516740","Dennis CDP, Massachusetts","inc_12_pov_f",48,46
"2516810","Dennis Port CDP, Massachusetts","inc_12_pov",389,343
"2516810","Dennis Port CDP, Massachusetts","inc_12_pov_m",126,107
"2516810","Dennis Port CDP, Massachusetts","inc_12_pov_f",263,244
"2516840","Devens CDP, Massachusetts","inc_12_pov",196,134
"2516840","Devens CDP, Massachusetts","inc_12_pov_m",135,150
"2516840","Devens CDP, Massachusetts","inc_12_pov_f",61,47
"2517370","Dover CDP, Massachusetts","inc_12_pov",20,30
"2517370","Dover CDP, Massachusetts","inc_12_pov_m",0,12
"2517370","Dover CDP, Massachusetts","inc_12_pov_f",20,30
"2517860","Duxbury CDP, Massachusetts","inc_12_pov",17,25
"2517860","Duxbury CDP, Massachusetts","inc_12_pov_m",0,12
"2517860","Duxbury CDP, Massachusetts","inc_12_pov_f",17,25
"2518595","East Brookfield CDP, Massachusetts","inc_12_pov",76,55
"2518595","East Brookfield CDP, Massachusetts","inc_12_pov_m",47,43
"2518595","East Brookfield CDP, Massachusetts","inc_12_pov_f",29,19
"2518840","East Dennis CDP, Massachusetts","inc_12_pov",361,151
"2518840","East Dennis CDP, Massachusetts","inc_12_pov_m",208,99
"2518840","East Dennis CDP, Massachusetts","inc_12_pov_f",153,82
"2518875","East Douglas CDP, Massachusetts","inc_12_pov",66,78
"2518875","East Douglas CDP, Massachusetts","inc_12_pov_m",46,73
"2518875","East Douglas CDP, Massachusetts","inc_12_pov_f",20,32
"2518980","East Falmouth CDP, Massachusetts","inc_12_pov",439,200
"2518980","East Falmouth CDP, Massachusetts","inc_12_pov_m",170,90
"2518980","East Falmouth CDP, Massachusetts","inc_12_pov_f",269,139
"2519370","Easthampton Town city, Massachusetts","inc_12_pov",1705,412
"2519370","Easthampton Town city, Massachusetts","inc_12_pov_m",858,238
"2519370","Easthampton Town city, Massachusetts","inc_12_pov_f",847,294
"2519400","East Harwich CDP, Massachusetts","inc_12_pov",353,136
"2519400","East Harwich CDP, Massachusetts","inc_12_pov_m",134,73
"2519400","East Harwich CDP, Massachusetts","inc_12_pov_f",219,117
"2520310","East Pepperell CDP, Massachusetts","inc_12_pov",240,162
"2520310","East Pepperell CDP, Massachusetts","inc_12_pov_m",129,84
"2520310","East Pepperell CDP, Massachusetts","inc_12_pov_f",111,96
"2520380","East Sandwich CDP, Massachusetts","inc_12_pov",218,161
"2520380","East Sandwich CDP, Massachusetts","inc_12_pov_m",86,60
"2520380","East Sandwich CDP, Massachusetts","inc_12_pov_f",132,132
"2521115","Edgartown CDP, Massachusetts","inc_12_pov",0,12
"2521115","Edgartown CDP, Massachusetts","inc_12_pov_m",0,12
"2521115","Edgartown CDP, Massachusetts","inc_12_pov_f",0,12
"2521815","Essex CDP, Massachusetts","inc_12_pov",56,37
"2521815","Essex CDP, Massachusetts","inc_12_pov_m",9,14
"2521815","Essex CDP, Massachusetts","inc_12_pov_f",47,37
"2521990","Everett city, Massachusetts","inc_12_pov",6255,1066
"2521990","Everett city, Massachusetts","inc_12_pov_m",2262,439
"2521990","Everett city, Massachusetts","inc_12_pov_f",3993,759
"2523000","Fall River city, Massachusetts","inc_12_pov",17693,1142
"2523000","Fall River city, Massachusetts","inc_12_pov_m",7715,685
"2523000","Fall River city, Massachusetts","inc_12_pov_f",9978,788
"2523070","Falmouth CDP, Massachusetts","inc_12_pov",326,114
"2523070","Falmouth CDP, Massachusetts","inc_12_pov_m",111,63
"2523070","Falmouth CDP, Massachusetts","inc_12_pov_f",215,83
"2523840","Fiskdale CDP, Massachusetts","inc_12_pov",118,96
"2523840","Fiskdale CDP, Massachusetts","inc_12_pov_m",23,29
"2523840","Fiskdale CDP, Massachusetts","inc_12_pov_f",95,92
"2523875","Fitchburg city, Massachusetts","inc_12_pov",6961,989
"2523875","Fitchburg city, Massachusetts","inc_12_pov_m",3074,538
"2523875","Fitchburg city, Massachusetts","inc_12_pov_f",3887,588
"2524190","Forestdale CDP, Massachusetts","inc_12_pov",272,226
"2524190","Forestdale CDP, Massachusetts","inc_12_pov_m",176,143
"2524190","Forestdale CDP, Massachusetts","inc_12_pov_f",96,91
"2524855","Foxborough CDP, Massachusetts","inc_12_pov",472,343
"2524855","Foxborough CDP, Massachusetts","inc_12_pov_m",176,151
"2524855","Foxborough CDP, Massachusetts","inc_12_pov_f",296,262
"2524960","Framingham CDP, Massachusetts","inc_12_pov",7865,940
"2524960","Framingham CDP, Massachusetts","inc_12_pov_m",3175,525
"2524960","Framingham CDP, Massachusetts","inc_12_pov_f",4690,629
"2525172","Franklin Town city, Massachusetts","inc_12_pov",1380,471
"2525172","Franklin Town city, Massachusetts","inc_12_pov_m",719,256
"2525172","Franklin Town city, Massachusetts","inc_12_pov_f",661,247
"2525485","Gardner city, Massachusetts","inc_12_pov",3222,652
"2525485","Gardner city, Massachusetts","inc_12_pov_m",1383,373
"2525485","Gardner city, Massachusetts","inc_12_pov_f",1839,389
"2526150","Gloucester city, Massachusetts","inc_12_pov",2507,502
"2526150","Gloucester city, Massachusetts","inc_12_pov_m",1089,289
"2526150","Gloucester city, Massachusetts","inc_12_pov_f",1418,269
"2526500","Granby CDP, Massachusetts","inc_12_pov",79,61
"2526500","Granby CDP, Massachusetts","inc_12_pov_m",45,49
"2526500","Granby CDP, Massachusetts","inc_12_pov_f",34,39
"2526780","Great Barrington CDP, Massachusetts","inc_12_pov",127,93
"2526780","Great Barrington CDP, Massachusetts","inc_12_pov_m",98,84
"2526780","Great Barrington CDP, Massachusetts","inc_12_pov_f",29,38
"2527100","Greenfield Town city, Massachusetts","inc_12_pov",2216,390
"2527100","Greenfield Town city, Massachusetts","inc_12_pov_m",1036,219
"2527100","Greenfield Town city, Massachusetts","inc_12_pov_f",1180,276
"2527147","Green Harbor-Cedar Crest CDP, Massachusetts","inc_12_pov",100,91
"2527147","Green Harbor-Cedar Crest CDP, Massachusetts","inc_12_pov_m",13,23
"2527147","Green Harbor-Cedar Crest CDP, Massachusetts","inc_12_pov_f",87,78
"2527445","Groton CDP, Massachusetts","inc_12_pov",148,102
"2527445","Groton CDP, Massachusetts","inc_12_pov_m",82,78
"2527445","Groton CDP, Massachusetts","inc_12_pov_f",66,68
"2528425","Hanscom AFB CDP, Massachusetts","inc_12_pov",20,31
"2528425","Hanscom AFB CDP, Massachusetts","inc_12_pov_m",0,12
"2528425","Hanscom AFB CDP, Massachusetts","inc_12_pov_f",20,31
"2528460","Hanson CDP, Massachusetts","inc_12_pov",69,47
"2528460","Hanson CDP, Massachusetts","inc_12_pov_m",40,28
"2528460","Hanson CDP, Massachusetts","inc_12_pov_f",29,25
"2529055","Harwich Center CDP, Massachusetts","inc_12_pov",88,87
"2529055","Harwich Center CDP, Massachusetts","inc_12_pov_m",10,16
"2529055","Harwich Center CDP, Massachusetts","inc_12_pov_f",78,79
"2529090","Harwich Port CDP, Massachusetts","inc_12_pov",156,86
"2529090","Harwich Port CDP, Massachusetts","inc_12_pov_m",78,49
"2529090","Harwich Port CDP, Massachusetts","inc_12_pov_f",78,46
"2529230","Hatfield CDP, Massachusetts","inc_12_pov",30,27
"2529230","Hatfield CDP, Massachusetts","inc_12_pov_m",21,20
"2529230","Hatfield CDP, Massachusetts","inc_12_pov_f",9,12
"2529405","Haverhill city, Massachusetts","inc_12_pov",7784,1192
"2529405","Haverhill city, Massachusetts","inc_12_pov_m",3466,735
"2529405","Haverhill city, Massachusetts","inc_12_pov_f",4318,665
"2530175","Hingham CDP, Massachusetts","inc_12_pov",254,138
"2530175","Hingham CDP, Massachusetts","inc_12_pov_m",63,47
"2530175","Hingham CDP, Massachusetts","inc_12_pov_f",191,112
"2530420","Holbrook CDP, Massachusetts","inc_12_pov",734,309
"2530420","Holbrook CDP, Massachusetts","inc_12_pov_m",297,175
"2530420","Holbrook CDP, Massachusetts","inc_12_pov_f",437,187
"2530630","Holland CDP, Massachusetts","inc_12_pov",64,47
"2530630","Holland CDP, Massachusetts","inc_12_pov_m",58,41
"2530630","Holland CDP, Massachusetts","inc_12_pov_f",6,9
"2530840","Holyoke city, Massachusetts","inc_12_pov",11228,1004
"2530840","Holyoke city, Massachusetts","inc_12_pov_m",5237,573
"2530840","Holyoke city, Massachusetts","inc_12_pov_f",5991,616
"2530980","Hopedale CDP, Massachusetts","inc_12_pov",96,64
"2530980","Hopedale CDP, Massachusetts","inc_12_pov_m",39,36
"2530980","Hopedale CDP, Massachusetts","inc_12_pov_f",57,47
"2531050","Hopkinton CDP, Massachusetts","inc_12_pov",46,28
"2531050","Hopkinton CDP, Massachusetts","inc_12_pov_m",13,7
"2531050","Hopkinton CDP, Massachusetts","inc_12_pov_f",33,27
"2531295","Housatonic CDP, Massachusetts","inc_12_pov",98,118
"2531295","Housatonic CDP, Massachusetts","inc_12_pov_m",98,118
"2531295","Housatonic CDP, Massachusetts","inc_12_pov_f",0,12
"2531575","Hudson CDP, Massachusetts","inc_12_pov",1086,312
"2531575","Hudson CDP, Massachusetts","inc_12_pov_m",427,137
"2531575","Hudson CDP, Massachusetts","inc_12_pov_f",659,227
"2531680","Hull CDP, Massachusetts","inc_12_pov",509,137
"2531680","Hull CDP, Massachusetts","inc_12_pov_m",266,92
"2531680","Hull CDP, Massachusetts","inc_12_pov_f",243,102
"2531750","Huntington CDP, Massachusetts","inc_12_pov",92,60
"2531750","Huntington CDP, Massachusetts","inc_12_pov_m",45,38
"2531750","Huntington CDP, Massachusetts","inc_12_pov_f",47,33
"2532275","Ipswich CDP, Massachusetts","inc_12_pov",458,193
"2532275","Ipswich CDP, Massachusetts","inc_12_pov_m",222,126
"2532275","Ipswich CDP, Massachusetts","inc_12_pov_f",236,102
"2533185","Kingston CDP, Massachusetts","inc_12_pov",192,134
"2533185","Kingston CDP, Massachusetts","inc_12_pov_m",79,71
"2533185","Kingston CDP, Massachusetts","inc_12_pov_f",113,93
"2534550","Lawrence city, Massachusetts","inc_12_pov",18983,1656
"2534550","Lawrence city, Massachusetts","inc_12_pov_m",8453,880
"2534550","Lawrence city, Massachusetts","inc_12_pov_f",10530,983
"2534620","Lee CDP, Massachusetts","inc_12_pov",166,130
"2534620","Lee CDP, Massachusetts","inc_12_pov_m",96,117
"2534620","Lee CDP, Massachusetts","inc_12_pov_f",70,50
"2534935","Lenox CDP, Massachusetts","inc_12_pov",64,47
"2534935","Lenox CDP, Massachusetts","inc_12_pov_m",20,32
"2534935","Lenox CDP, Massachusetts","inc_12_pov_f",44,35
"2535075","Leominster city, Massachusetts","inc_12_pov",5511,896
"2535075","Leominster city, Massachusetts","inc_12_pov_m",2016,434
"2535075","Leominster city, Massachusetts","inc_12_pov_f",3495,628
"2535250","Lexington CDP, Massachusetts","inc_12_pov",1198,251
"2535250","Lexington CDP, Massachusetts","inc_12_pov_m",495,148
"2535250","Lexington CDP, Massachusetts","inc_12_pov_f",703,153
"2536020","Littleton Common CDP, Massachusetts","inc_12_pov",163,84
"2536020","Littleton Common CDP, Massachusetts","inc_12_pov_m",95,63
"2536020","Littleton Common CDP, Massachusetts","inc_12_pov_f",68,41
"2536335","Longmeadow CDP, Massachusetts","inc_12_pov",549,249
"2536335","Longmeadow CDP, Massachusetts","inc_12_pov_m",262,160
"2536335","Longmeadow CDP, Massachusetts","inc_12_pov_f",287,115
"2537000","Lowell city, Massachusetts","inc_12_pov",23776,1552
"2537000","Lowell city, Massachusetts","inc_12_pov_m",12321,1048
"2537000","Lowell city, Massachusetts","inc_12_pov_f",11455,1050
"2537385","Lunenburg CDP, Massachusetts","inc_12_pov",61,70
"2537385","Lunenburg CDP, Massachusetts","inc_12_pov_m",42,67
"2537385","Lunenburg CDP, Massachusetts","inc_12_pov_f",19,21
"2537490","Lynn city, Massachusetts","inc_12_pov",16827,1396
"2537490","Lynn city, Massachusetts","inc_12_pov_m",7233,835
"2537490","Lynn city, Massachusetts","inc_12_pov_f",9594,836
"2537595","Lynnfield CDP, Massachusetts","inc_12_pov",228,127
"2537595","Lynnfield CDP, Massachusetts","inc_12_pov_m",63,38
"2537595","Lynnfield CDP, Massachusetts","inc_12_pov_f",165,96
"2537735","Madaket CDP, Massachusetts","inc_12_pov",62,66
"2537735","Madaket CDP, Massachusetts","inc_12_pov_m",13,22
"2537735","Madaket CDP, Massachusetts","inc_12_pov_f",49,63
"2537875","Malden city, Massachusetts","inc_12_pov",9695,1251
"2537875","Malden city, Massachusetts","inc_12_pov_m",3929,557
"2537875","Malden city, Massachusetts","inc_12_pov_f",5766,927
"2538230","Mansfield Center CDP, Massachusetts","inc_12_pov",280,163
"2538230","Mansfield Center CDP, Massachusetts","inc_12_pov_m",110,81
"2538230","Mansfield Center CDP, Massachusetts","inc_12_pov_f",170,112
"2538435","Marblehead CDP, Massachusetts","inc_12_pov",930,282
"2538435","Marblehead CDP, Massachusetts","inc_12_pov_m",340,149
"2538435","Marblehead CDP, Massachusetts","inc_12_pov_f",590,178
"2538575","Marion Center CDP, Massachusetts","inc_12_pov",163,109
"2538575","Marion Center CDP, Massachusetts","inc_12_pov_m",0,12
"2538575","Marion Center CDP, Massachusetts","inc_12_pov_f",163,109
"2538715","Marlborough city, Massachusetts","inc_12_pov",2553,735
"2538715","Marlborough city, Massachusetts","inc_12_pov_m",1032,304
"2538715","Marlborough city, Massachusetts","inc_12_pov_f",1521,521
"2538820","Marshfield CDP, Massachusetts","inc_12_pov",424,224
"2538820","Marshfield CDP, Massachusetts","inc_12_pov_m",156,95
"2538820","Marshfield CDP, Massachusetts","inc_12_pov_f",268,191
"2538960","Marshfield Hills CDP, Massachusetts","inc_12_pov",83,65
"2538960","Marshfield Hills CDP, Massachusetts","inc_12_pov_m",13,20
"2538960","Marshfield Hills CDP, Massachusetts","inc_12_pov_f",70,62
"2539152","Mashpee Neck CDP, Massachusetts","inc_12_pov",59,51
"2539152","Mashpee Neck CDP, Massachusetts","inc_12_pov_m",9,14
"2539152","Mashpee Neck CDP, Massachusetts","inc_12_pov_f",50,45
"2539485","Mattapoisett Center CDP, Massachusetts","inc_12_pov",157,140
"2539485","Mattapoisett Center CDP, Massachusetts","inc_12_pov_m",58,69
"2539485","Mattapoisett Center CDP, Massachusetts","inc_12_pov_f",99,77
"2539660","Maynard CDP, Massachusetts","inc_12_pov",848,490
"2539660","Maynard CDP, Massachusetts","inc_12_pov_m",447,334
"2539660","Maynard CDP, Massachusetts","inc_12_pov_f",401,197
"2539730","Medfield CDP, Massachusetts","inc_12_pov",182,101
"2539730","Medfield CDP, Massachusetts","inc_12_pov_m",84,74
"2539730","Medfield CDP, Massachusetts","inc_12_pov_f",98,62
"2539835","Medford city, Massachusetts","inc_12_pov",5725,855
"2539835","Medford city, Massachusetts","inc_12_pov_m",2465,642
"2539835","Medford city, Massachusetts","inc_12_pov_f",3260,494
"2540115","Melrose city, Massachusetts","inc_12_pov",1087,323
"2540115","Melrose city, Massachusetts","inc_12_pov_m",496,182
"2540115","Melrose city, Massachusetts","inc_12_pov_f",591,189
"2540710","Methuen Town city, Massachusetts","inc_12_pov",4636,706
"2540710","Methuen Town city, Massachusetts","inc_12_pov_m",2339,423
"2540710","Methuen Town city, Massachusetts","inc_12_pov_f",2297,424
"2540885","Middleborough Center CDP, Massachusetts","inc_12_pov",1372,547
"2540885","Middleborough Center CDP, Massachusetts","inc_12_pov_m",723,288
"2540885","Middleborough Center CDP, Massachusetts","inc_12_pov_f",649,325
"2541200","Milford CDP, Massachusetts","inc_12_pov",2177,529
"2541200","Milford CDP, Massachusetts","inc_12_pov_m",1020,312
"2541200","Milford CDP, Massachusetts","inc_12_pov_f",1157,320
"2541410","Millers Falls CDP, Massachusetts","inc_12_pov",107,74
"2541410","Millers Falls CDP, Massachusetts","inc_12_pov_m",14,18
"2541410","Millers Falls CDP, Massachusetts","inc_12_pov_f",93,69
"2541532","Millis-Clicquot CDP, Massachusetts","inc_12_pov",278,247
"2541532","Millis-Clicquot CDP, Massachusetts","inc_12_pov_m",101,99
"2541532","Millis-Clicquot CDP, Massachusetts","inc_12_pov_f",177,163
"2541725","Milton CDP, Massachusetts","inc_12_pov",1066,272
"2541725","Milton CDP, Massachusetts","inc_12_pov_m",311,141
"2541725","Milton CDP, Massachusetts","inc_12_pov_f",755,197
"2541960","Monomoscoy Island CDP, Massachusetts","inc_12_pov",0,12
"2541960","Monomoscoy Island CDP, Massachusetts","inc_12_pov_m",0,12
"2541960","Monomoscoy Island CDP, Massachusetts","inc_12_pov_f",0,12
"2542180","Monson Center CDP, Massachusetts","inc_12_pov",154,95
"2542180","Monson Center CDP, Massachusetts","inc_12_pov_m",97,70
"2542180","Monson Center CDP, Massachusetts","inc_12_pov_f",57,51
"2542670","Monument Beach CDP, Massachusetts","inc_12_pov",200,158
"2542670","Monument Beach CDP, Massachusetts","inc_12_pov_m",50,64
"2542670","Monument Beach CDP, Massachusetts","inc_12_pov_f",150,104
"2543615","Nahant CDP, Massachusetts","inc_12_pov",165,94
"2543615","Nahant CDP, Massachusetts","inc_12_pov_m",61,56
"2543615","Nahant CDP, Massachusetts","inc_12_pov_f",104,68
"2543755","Nantucket CDP, Massachusetts","inc_12_pov",818,329
"2543755","Nantucket CDP, Massachusetts","inc_12_pov_m",448,190
"2543755","Nantucket CDP, Massachusetts","inc_12_pov_f",370,203
"2544140","Needham CDP, Massachusetts","inc_12_pov",872,287
"2544140","Needham CDP, Massachusetts","inc_12_pov_m",280,122
"2544140","Needham CDP, Massachusetts","inc_12_pov_f",592,246
"2545000","New Bedford city, Massachusetts","inc_12_pov",21554,1303
"2545000","New Bedford city, Massachusetts","inc_12_pov_m",9353,640
"2545000","New Bedford city, Massachusetts","inc_12_pov_f",12201,903
"2545245","Newburyport city, Massachusetts","inc_12_pov",1226,563
"2545245","Newburyport city, Massachusetts","inc_12_pov_m",366,155
"2545245","Newburyport city, Massachusetts","inc_12_pov_f",860,443
"2545500","New Seabury CDP, Massachusetts","inc_12_pov",16,17
"2545500","New Seabury CDP, Massachusetts","inc_12_pov_m",9,14
"2545500","New Seabury CDP, Massachusetts","inc_12_pov_f",7,10
"2545560","Newton city, Massachusetts","inc_12_pov",3462,638
"2545560","Newton city, Massachusetts","inc_12_pov_m",1381,276
"2545560","Newton city, Massachusetts","inc_12_pov_f",2081,441
"2546225","North Adams city, Massachusetts","inc_12_pov",2164,483
"2546225","North Adams city, Massachusetts","inc_12_pov_m",1023,350
"2546225","North Adams city, Massachusetts","inc_12_pov_f",1141,308
"2546295","North Amherst CDP, Massachusetts","inc_12_pov",2012,499
"2546295","North Amherst CDP, Massachusetts","inc_12_pov_m",1349,356
"2546295","North Amherst CDP, Massachusetts","inc_12_pov_f",663,377
"2546330","Northampton city, Massachusetts","inc_12_pov",3756,558
"2546330","Northampton city, Massachusetts","inc_12_pov_m",1822,361
"2546330","Northampton city, Massachusetts","inc_12_pov_f",1934,363
"2546785","Northborough CDP, Massachusetts","inc_12_pov",159,107
"2546785","Northborough CDP, Massachusetts","inc_12_pov_m",53,50
"2546785","Northborough CDP, Massachusetts","inc_12_pov_f",106,64
"2547100","North Brookfield CDP, Massachusetts","inc_12_pov",140,96
"2547100","North Brookfield CDP, Massachusetts","inc_12_pov_m",42,41
"2547100","North Brookfield CDP, Massachusetts","inc_12_pov_f",98,67
"2547590","North Eastham CDP, Massachusetts","inc_12_pov",87,54
"2547590","North Eastham CDP, Massachusetts","inc_12_pov_m",15,17
"2547590","North Eastham CDP, Massachusetts","inc_12_pov_f",72,51
"2547730","North Falmouth CDP, Massachusetts","inc_12_pov",36,31
"2547730","North Falmouth CDP, Massachusetts","inc_12_pov_m",30,29
"2547730","North Falmouth CDP, Massachusetts","inc_12_pov_f",6,9
"2547800","Northfield CDP, Massachusetts","inc_12_pov",64,46
"2547800","Northfield CDP, Massachusetts","inc_12_pov_m",45,44
"2547800","Northfield CDP, Massachusetts","inc_12_pov_f",19,20
"2548220","North Lakeville CDP, Massachusetts","inc_12_pov",174,95
"2548220","North Lakeville CDP, Massachusetts","inc_12_pov_m",53,42
"2548220","North Lakeville CDP, Massachusetts","inc_12_pov_f",121,74
"2548710","North Pembroke CDP, Massachusetts","inc_12_pov",49,53
"2548710","North Pembroke CDP, Massachusetts","inc_12_pov_m",3,3
"2548710","North Pembroke CDP, Massachusetts","inc_12_pov_f",46,53
"2548780","North Plymouth CDP, Massachusetts","inc_12_pov",559,229
"2548780","North Plymouth CDP, Massachusetts","inc_12_pov_m",209,120
"2548780","North Plymouth CDP, Massachusetts","inc_12_pov_f",350,135
"2549165","North Scituate CDP, Massachusetts","inc_12_pov",198,119
"2549165","North Scituate CDP, Massachusetts","inc_12_pov_m",80,68
"2549165","North Scituate CDP, Massachusetts","inc_12_pov_f",118,91
"2549200","North Seekonk CDP, Massachusetts","inc_12_pov",248,216
"2549200","North Seekonk CDP, Massachusetts","inc_12_pov_m",58,70
"2549200","North Seekonk CDP, Massachusetts","inc_12_pov_f",190,178
"2549700","Northwest Harwich CDP, Massachusetts","inc_12_pov",199,82
"2549700","Northwest Harwich CDP, Massachusetts","inc_12_pov_m",84,47
"2549700","Northwest Harwich CDP, Massachusetts","inc_12_pov_f",115,54
"2549710","North Westport CDP, Massachusetts","inc_12_pov",162,116
"2549710","North Westport CDP, Massachusetts","inc_12_pov_m",87,103
"2549710","North Westport CDP, Massachusetts","inc_12_pov_f",75,50
"2550005","Norton Center CDP, Massachusetts","inc_12_pov",231,88
"2550005","Norton Center CDP, Massachusetts","inc_12_pov_m",219,87
"2550005","Norton Center CDP, Massachusetts","inc_12_pov_f",12,19
"2550285","Norwood CDP, Massachusetts","inc_12_pov",2367,597
"2550285","Norwood CDP, Massachusetts","inc_12_pov_m",748,231
"2550285","Norwood CDP, Massachusetts","inc_12_pov_f",1619,515
"2550862","Ocean Bluff-Brant Rock CDP, Massachusetts","inc_12_pov",247,128
"2550862","Ocean Bluff-Brant Rock CDP, Massachusetts","inc_12_pov_m",124,107
"2550862","Ocean Bluff-Brant Rock CDP, Massachusetts","inc_12_pov_f",123,97
"2550880","Ocean Grove CDP, Massachusetts","inc_12_pov",404,264
"2550880","Ocean Grove CDP, Massachusetts","inc_12_pov_m",181,139
"2550880","Ocean Grove CDP, Massachusetts","inc_12_pov_f",223,172
"2551160","Onset CDP, Massachusetts","inc_12_pov",187,150
"2551160","Onset CDP, Massachusetts","inc_12_pov_m",45,72
"2551160","Onset CDP, Massachusetts","inc_12_pov_f",142,138
"2551230","Orange CDP, Massachusetts","inc_12_pov",574,217
"2551230","Orange CDP, Massachusetts","inc_12_pov_m",260,102
"2551230","Orange CDP, Massachusetts","inc_12_pov_f",314,147
"2551405","Orleans CDP, Massachusetts","inc_12_pov",173,96
"2551405","Orleans CDP, Massachusetts","inc_12_pov_m",94,86
"2551405","Orleans CDP, Massachusetts","inc_12_pov_f",79,54
"2551790","Oxford CDP, Massachusetts","inc_12_pov",443,263
"2551790","Oxford CDP, Massachusetts","inc_12_pov_m",222,135
"2551790","Oxford CDP, Massachusetts","inc_12_pov_f",221,154
"2552144","Palmer Town city, Massachusetts","inc_12_pov",1704,415
"2552144","Palmer Town city, Massachusetts","inc_12_pov_m",780,204
"2552144","Palmer Town city, Massachusetts","inc_12_pov_f",924,269
"2552490","Peabody city, Massachusetts","inc_12_pov",5119,710
"2552490","Peabody city, Massachusetts","inc_12_pov_m",1985,393
"2552490","Peabody city, Massachusetts","inc_12_pov_f",3134,457
"2552770","Pepperell CDP, Massachusetts","inc_12_pov",273,191
"2552770","Pepperell CDP, Massachusetts","inc_12_pov_m",187,151
"2552770","Pepperell CDP, Massachusetts","inc_12_pov_f",86,50
"2553085","Petersham CDP, Massachusetts","inc_12_pov",9,9
"2553085","Petersham CDP, Massachusetts","inc_12_pov_m",6,7
"2553085","Petersham CDP, Massachusetts","inc_12_pov_f",3,4
"2553680","Pinehurst CDP, Massachusetts","inc_12_pov",362,175
"2553680","Pinehurst CDP, Massachusetts","inc_12_pov_m",104,62
"2553680","Pinehurst CDP, Massachusetts","inc_12_pov_f",258,125
"2553960","Pittsfield city, Massachusetts","inc_12_pov",6387,728
"2553960","Pittsfield city, Massachusetts","inc_12_pov_m",2967,464
"2553960","Pittsfield city, Massachusetts","inc_12_pov_f",3420,470
"2554275","Plymouth CDP, Massachusetts","inc_12_pov",519,194
"2554275","Plymouth CDP, Massachusetts","inc_12_pov_m",138,82
"2554275","Plymouth CDP, Massachusetts","inc_12_pov_f",381,154
"2554450","Pocasset CDP, Massachusetts","inc_12_pov",90,56
"2554450","Pocasset CDP, Massachusetts","inc_12_pov_m",32,29
"2554450","Pocasset CDP, Massachusetts","inc_12_pov_f",58,41
"2555070","Popponesset CDP, Massachusetts","inc_12_pov",70,74
"2555070","Popponesset CDP, Massachusetts","inc_12_pov_m",31,38
"2555070","Popponesset CDP, Massachusetts","inc_12_pov_f",39,39
"2555090","Popponesset Island CDP, Massachusetts","inc_12_pov",0,12
"2555090","Popponesset Island CDP, Massachusetts","inc_12_pov_m",0,12
"2555090","Popponesset Island CDP, Massachusetts","inc_12_pov_f",0,12
"2555535","Provincetown CDP, Massachusetts","inc_12_pov",242,76
"2555535","Provincetown CDP, Massachusetts","inc_12_pov_m",137,57
"2555535","Provincetown CDP, Massachusetts","inc_12_pov_f",105,52
"2555745","Quincy city, Massachusetts","inc_12_pov",9743,974
"2555745","Quincy city, Massachusetts","inc_12_pov_m",3929,494
"2555745","Quincy city, Massachusetts","inc_12_pov_f",5814,667
"2555990","Randolph CDP, Massachusetts","inc_12_pov",3773,824
"2555990","Randolph CDP, Massachusetts","inc_12_pov_m",1408,423
"2555990","Randolph CDP, Massachusetts","inc_12_pov_f",2365,544
"2556095","Raynham Center CDP, Massachusetts","inc_12_pov",492,428
"2556095","Raynham Center CDP, Massachusetts","inc_12_pov_m",228,287
"2556095","Raynham Center CDP, Massachusetts","inc_12_pov_f",264,188
"2556165","Reading CDP, Massachusetts","inc_12_pov",754,252
"2556165","Reading CDP, Massachusetts","inc_12_pov_m",393,167
"2556165","Reading CDP, Massachusetts","inc_12_pov_f",361,120
"2556585","Revere city, Massachusetts","inc_12_pov",6943,950
"2556585","Revere city, Massachusetts","inc_12_pov_m",3253,549
"2556585","Revere city, Massachusetts","inc_12_pov_f",3690,734
"2557845","Rockport CDP, Massachusetts","inc_12_pov",280,135
"2557845","Rockport CDP, Massachusetts","inc_12_pov_m",139,73
"2557845","Rockport CDP, Massachusetts","inc_12_pov_f",141,79
"2558370","Rowley CDP, Massachusetts","inc_12_pov",75,81
"2558370","Rowley CDP, Massachusetts","inc_12_pov_m",26,31
"2558370","Rowley CDP, Massachusetts","inc_12_pov_f",49,76
"2558615","Russell CDP, Massachusetts","inc_12_pov",35,23
"2558615","Russell CDP, Massachusetts","inc_12_pov_m",7,10
"2558615","Russell CDP, Massachusetts","inc_12_pov_f",28,18
"2558790","Rutland CDP, Massachusetts","inc_12_pov",103,97
"2558790","Rutland CDP, Massachusetts","inc_12_pov_m",34,46
"2558790","Rutland CDP, Massachusetts","inc_12_pov_f",69,59
"2558965","Sagamore CDP, Massachusetts","inc_12_pov",365,255
"2558965","Sagamore CDP, Massachusetts","inc_12_pov_m",220,179
"2558965","Sagamore CDP, Massachusetts","inc_12_pov_f",145,103
"2559105","Salem city, Massachusetts","inc_12_pov",6307,829
"2559105","Salem city, Massachusetts","inc_12_pov_m",2230,438
"2559105","Salem city, Massachusetts","inc_12_pov_f",4077,577
"2559210","Salisbury CDP, Massachusetts","inc_12_pov",616,253
"2559210","Salisbury CDP, Massachusetts","inc_12_pov_m",214,139
"2559210","Salisbury CDP, Massachusetts","inc_12_pov_f",402,173
"2559700","Sandwich CDP, Massachusetts","inc_12_pov",254,164
"2559700","Sandwich CDP, Massachusetts","inc_12_pov_m",106,94
"2559700","Sandwich CDP, Massachusetts","inc_12_pov_f",148,79
"2560050","Saugus CDP, Massachusetts","inc_12_pov",2261,537
"2560050","Saugus CDP, Massachusetts","inc_12_pov_m",891,256
"2560050","Saugus CDP, Massachusetts","inc_12_pov_f",1370,419
"2560295","Scituate CDP, Massachusetts","inc_12_pov",226,158
"2560295","Scituate CDP, Massachusetts","inc_12_pov_m",87,68
"2560295","Scituate CDP, Massachusetts","inc_12_pov_f",139,113
"2560505","Seabrook CDP, Massachusetts","inc_12_pov",10,15
"2560505","Seabrook CDP, Massachusetts","inc_12_pov_m",0,12
"2560505","Seabrook CDP, Massachusetts","inc_12_pov_f",10,15
"2560627","Seconsett Island CDP, Massachusetts","inc_12_pov",0,12
"2560627","Seconsett Island CDP, Massachusetts","inc_12_pov_m",0,12
"2560627","Seconsett Island CDP, Massachusetts","inc_12_pov_f",0,12
"2560820","Sharon CDP, Massachusetts","inc_12_pov",159,102
"2560820","Sharon CDP, Massachusetts","inc_12_pov_m",76,69
"2560820","Sharon CDP, Massachusetts","inc_12_pov_f",83,62
"2561205","Shelburne Falls CDP, Massachusetts","inc_12_pov",271,89
"2561205","Shelburne Falls CDP, Massachusetts","inc_12_pov_m",165,72
"2561205","Shelburne Falls CDP, Massachusetts","inc_12_pov_f",106,42
"2561555","Shirley CDP, Massachusetts","inc_12_pov",211,200
"2561555","Shirley CDP, Massachusetts","inc_12_pov_m",108,87
"2561555","Shirley CDP, Massachusetts","inc_12_pov_f",103,127
"2561940","Siasconset CDP, Massachusetts","inc_12_pov",6,15
"2561940","Siasconset CDP, Massachusetts","inc_12_pov_m",0,12
"2561940","Siasconset CDP, Massachusetts","inc_12_pov_f",6,15
"2562300","Smith Mills CDP, Massachusetts","inc_12_pov",700,233
"2562300","Smith Mills CDP, Massachusetts","inc_12_pov_m",205,98
"2562300","Smith Mills CDP, Massachusetts","inc_12_pov_f",495,213
"2562465","Somerset CDP, Massachusetts","inc_12_pov",1211,433
"2562465","Somerset CDP, Massachusetts","inc_12_pov_m",491,200
"2562465","Somerset CDP, Massachusetts","inc_12_pov_f",720,271
"2562535","Somerville city, Massachusetts","inc_12_pov",9623,1239
"2562535","Somerville city, Massachusetts","inc_12_pov_m",4428,766
"2562535","Somerville city, Massachusetts","inc_12_pov_f",5195,643
"2562675","South Amherst CDP, Massachusetts","inc_12_pov",1480,481
"2562675","South Amherst CDP, Massachusetts","inc_12_pov_m",914,369
"2562675","South Amherst CDP, Massachusetts","inc_12_pov_f",566,319
"2562780","South Ashburnham CDP, Massachusetts","inc_12_pov",0,12
"2562780","South Ashburnham CDP, Massachusetts","inc_12_pov_m",0,12
"2562780","South Ashburnham CDP, Massachusetts","inc_12_pov_f",0,12
"2563345","Southbridge Town city, Massachusetts","inc_12_pov",3085,602
"2563345","Southbridge Town city, Massachusetts","inc_12_pov_m",1216,294
"2563345","Southbridge Town city, Massachusetts","inc_12_pov_f",1869,401
"2563620","South Deerfield CDP, Massachusetts","inc_12_pov",112,87
"2563620","South Deerfield CDP, Massachusetts","inc_12_pov_m",22,34
"2563620","South Deerfield CDP, Massachusetts","inc_12_pov_f",90,65
"2563655","South Dennis CDP, Massachusetts","inc_12_pov",463,231
"2563655","South Dennis CDP, Massachusetts","inc_12_pov_m",154,107
"2563655","South Dennis CDP, Massachusetts","inc_12_pov_f",309,150
"2563690","South Duxbury CDP, Massachusetts","inc_12_pov",70,45
"2563690","South Duxbury CDP, Massachusetts","inc_12_pov_m",10,15
"2563690","South Duxbury CDP, Massachusetts","inc_12_pov_f",60,38
"2563840","Southfield CDP, Massachusetts","inc_12_pov",0,12
"2563840","Southfield CDP, Massachusetts","inc_12_pov_m",0,12
"2563840","Southfield CDP, Massachusetts","inc_12_pov_f",0,12
"2564460","South Lancaster CDP, Massachusetts","inc_12_pov",170,198
"2564460","South Lancaster CDP, Massachusetts","inc_12_pov_m",38,40
"2564460","South Lancaster CDP, Massachusetts","inc_12_pov_f",132,193
"2566035","South Yarmouth CDP, Massachusetts","inc_12_pov",876,205
"2566035","South Yarmouth CDP, Massachusetts","inc_12_pov_m",288,110
"2566035","South Yarmouth CDP, Massachusetts","inc_12_pov_f",588,165
"2566070","Spencer CDP, Massachusetts","inc_12_pov",1190,517
"2566070","Spencer CDP, Massachusetts","inc_12_pov_m",527,212
"2566070","Spencer CDP, Massachusetts","inc_12_pov_f",663,381
"2567000","Springfield city, Massachusetts","inc_12_pov",42874,2005
"2567000","Springfield city, Massachusetts","inc_12_pov_m",17944,1064
"2567000","Springfield city, Massachusetts","inc_12_pov_f",24930,1335
"2567700","Stoneham CDP, Massachusetts","inc_12_pov",942,242
"2567700","Stoneham CDP, Massachusetts","inc_12_pov_m",432,162
"2567700","Stoneham CDP, Massachusetts","inc_12_pov_f",510,176
"2568120","Sturbridge CDP, Massachusetts","inc_12_pov",91,116
"2568120","Sturbridge CDP, Massachusetts","inc_12_pov_m",16,26
"2568120","Sturbridge CDP, Massachusetts","inc_12_pov_f",75,90
"2568680","Swampscott CDP, Massachusetts","inc_12_pov",883,427
"2568680","Swampscott CDP, Massachusetts","inc_12_pov_m",203,122
"2568680","Swampscott CDP, Massachusetts","inc_12_pov_f",680,333
"2569170","Taunton city, Massachusetts","inc_12_pov",7747,1006
"2569170","Taunton city, Massachusetts","inc_12_pov_m",3380,514
"2569170","Taunton city, Massachusetts","inc_12_pov_f",4367,740
"2569205","Teaticket CDP, Massachusetts","inc_12_pov",34,27
"2569205","Teaticket CDP, Massachusetts","inc_12_pov_m",18,19
"2569205","Teaticket CDP, Massachusetts","inc_12_pov_f",16,19
"2569585","The Pinehills CDP, Massachusetts","inc_12_pov",17,26
"2569585","The Pinehills CDP, Massachusetts","inc_12_pov_m",0,12
"2569585","The Pinehills CDP, Massachusetts","inc_12_pov_f",17,26
"2570115","Topsfield CDP, Massachusetts","inc_12_pov",45,51
"2570115","Topsfield CDP, Massachusetts","inc_12_pov_m",45,51
"2570115","Topsfield CDP, Massachusetts","inc_12_pov_f",0,12
"2570325","Townsend CDP, Massachusetts","inc_12_pov",74,55
"2570325","Townsend CDP, Massachusetts","inc_12_pov_m",3,7
"2570325","Townsend CDP, Massachusetts","inc_12_pov_f",71,54
"2570815","Turners Falls CDP, Massachusetts","inc_12_pov",882,322
"2570815","Turners Falls CDP, Massachusetts","inc_12_pov_m",415,199
"2570815","Turners Falls CDP, Massachusetts","inc_12_pov_f",467,176
"2571445","Upton CDP, Massachusetts","inc_12_pov",181,138
"2571445","Upton CDP, Massachusetts","inc_12_pov_m",99,79
"2571445","Upton CDP, Massachusetts","inc_12_pov_f",82,70
"2571970","Vineyard Haven CDP, Massachusetts","inc_12_pov",72,52
"2571970","Vineyard Haven CDP, Massachusetts","inc_12_pov_m",18,22
"2571970","Vineyard Haven CDP, Massachusetts","inc_12_pov_f",54,46
"2572250","Wakefield CDP, Massachusetts","inc_12_pov",1167,308
"2572250","Wakefield CDP, Massachusetts","inc_12_pov_m",530,179
"2572250","Wakefield CDP, Massachusetts","inc_12_pov_f",637,170
"2572460","Walpole CDP, Massachusetts","inc_12_pov",98,55
"2572460","Walpole CDP, Massachusetts","inc_12_pov_m",11,18
"2572460","Walpole CDP, Massachusetts","inc_12_pov_f",87,52
"2572600","Waltham city, Massachusetts","inc_12_pov",5456,837
"2572600","Waltham city, Massachusetts","inc_12_pov_m",2300,463
"2572600","Waltham city, Massachusetts","inc_12_pov_f",3156,545
"2572845","Ware CDP, Massachusetts","inc_12_pov",1187,398
"2572845","Ware CDP, Massachusetts","inc_12_pov_m",419,203
"2572845","Ware CDP, Massachusetts","inc_12_pov_f",768,271
"2573020","Wareham Center CDP, Massachusetts","inc_12_pov",591,471
"2573020","Wareham Center CDP, Massachusetts","inc_12_pov_m",271,241
"2573020","Wareham Center CDP, Massachusetts","inc_12_pov_f",320,245
"2573055","Warren CDP, Massachusetts","inc_12_pov",264,183
"2573055","Warren CDP, Massachusetts","inc_12_pov_m",194,164
"2573055","Warren CDP, Massachusetts","inc_12_pov_f",70,67
"2573440","Watertown Town city, Massachusetts","inc_12_pov",2888,706
"2573440","Watertown Town city, Massachusetts","inc_12_pov_m",1273,421
"2573440","Watertown Town city, Massachusetts","inc_12_pov_f",1615,391
"2573930","Webster CDP, Massachusetts","inc_12_pov",1883,447
"2573930","Webster CDP, Massachusetts","inc_12_pov_m",669,197
"2573930","Webster CDP, Massachusetts","inc_12_pov_f",1214,313
"2574210","Wellesley CDP, Massachusetts","inc_12_pov",1075,304
"2574210","Wellesley CDP, Massachusetts","inc_12_pov_m",421,127
"2574210","Wellesley CDP, Massachusetts","inc_12_pov_f",654,230
"2575050","Westborough CDP, Massachusetts","inc_12_pov",231,119
"2575050","Westborough CDP, Massachusetts","inc_12_pov_m",101,68
"2575050","Westborough CDP, Massachusetts","inc_12_pov_f",130,77
"2575365","West Brookfield CDP, Massachusetts","inc_12_pov",81,41
"2575365","West Brookfield CDP, Massachusetts","inc_12_pov_m",44,29
"2575365","West Brookfield CDP, Massachusetts","inc_12_pov_f",37,27
"2575505","West Chatham CDP, Massachusetts","inc_12_pov",262,208
"2575505","West Chatham CDP, Massachusetts","inc_12_pov_m",88,80
"2575505","West Chatham CDP, Massachusetts","inc_12_pov_f",174,182
"2575680","West Concord CDP, Massachusetts","inc_12_pov",503,198
"2575680","West Concord CDP, Massachusetts","inc_12_pov_m",110,70
"2575680","West Concord CDP, Massachusetts","inc_12_pov_f",393,186
"2575820","West Dennis CDP, Massachusetts","inc_12_pov",168,74
"2575820","West Dennis CDP, Massachusetts","inc_12_pov_m",77,42
"2575820","West Dennis CDP, Massachusetts","inc_12_pov_f",91,43
"2575960","West Falmouth CDP, Massachusetts","inc_12_pov",122,154
"2575960","West Falmouth CDP, Massachusetts","inc_12_pov_m",44,65
"2575960","West Falmouth CDP, Massachusetts","inc_12_pov_f",78,92
"2576030","Westfield city, Massachusetts","inc_12_pov",3225,589
"2576030","Westfield city, Massachusetts","inc_12_pov_m",1439,342
"2576030","Westfield city, Massachusetts","inc_12_pov_f",1786,352
"2577890","West Springfield Town city, Massachusetts","inc_12_pov",3453,780
"2577890","West Springfield Town city, Massachusetts","inc_12_pov_m",1634,439
"2577890","West Springfield Town city, Massachusetts","inc_12_pov_f",1819,485
"2578410","West Wareham CDP, Massachusetts","inc_12_pov",237,178
"2578410","West Wareham CDP, Massachusetts","inc_12_pov_m",34,39
"2578410","West Wareham CDP, Massachusetts","inc_12_pov_f",203,173
"2578795","West Yarmouth CDP, Massachusetts","inc_12_pov",312,124
"2578795","West Yarmouth CDP, Massachusetts","inc_12_pov_m",112,78
"2578795","West Yarmouth CDP, Massachusetts","inc_12_pov_f",200,85
"2578850","Weweantic CDP, Massachusetts","inc_12_pov",305,375
"2578850","Weweantic CDP, Massachusetts","inc_12_pov_m",161,193
"2578850","Weweantic CDP, Massachusetts","inc_12_pov_f",144,183
"2578972","Weymouth Town city, Massachusetts","inc_12_pov",3641,702
"2578972","Weymouth Town city, Massachusetts","inc_12_pov_m",1410,331
"2578972","Weymouth Town city, Massachusetts","inc_12_pov_f",2231,501
"2579390","White Island Shores CDP, Massachusetts","inc_12_pov",333,275
"2579390","White Island Shores CDP, Massachusetts","inc_12_pov_m",252,202
"2579390","White Island Shores CDP, Massachusetts","inc_12_pov_f",81,96
"2579495","Whitinsville CDP, Massachusetts","inc_12_pov",569,271
"2579495","Whitinsville CDP, Massachusetts","inc_12_pov_m",197,100
"2579495","Whitinsville CDP, Massachusetts","inc_12_pov_f",372,208
"2579705","Wilbraham CDP, Massachusetts","inc_12_pov",199,97
"2579705","Wilbraham CDP, Massachusetts","inc_12_pov_m",158,76
"2579705","Wilbraham CDP, Massachusetts","inc_12_pov_f",41,38
"2579950","Williamstown CDP, Massachusetts","inc_12_pov",259,174
"2579950","Williamstown CDP, Massachusetts","inc_12_pov_m",100,78
"2579950","Williamstown CDP, Massachusetts","inc_12_pov_f",159,113
"2580195","Wilmington CDP, Massachusetts","inc_12_pov",684,220
"2580195","Wilmington CDP, Massachusetts","inc_12_pov_m",355,151
"2580195","Wilmington CDP, Massachusetts","inc_12_pov_f",329,103
"2580370","Winchendon CDP, Massachusetts","inc_12_pov",590,324
"2580370","Winchendon CDP, Massachusetts","inc_12_pov_m",227,158
"2580370","Winchendon CDP, Massachusetts","inc_12_pov_f",363,221
"2580545","Winchester CDP, Massachusetts","inc_12_pov",511,169
"2580545","Winchester CDP, Massachusetts","inc_12_pov_m",228,113
"2580545","Winchester CDP, Massachusetts","inc_12_pov_f",283,88
"2581005","Winthrop Town city, Massachusetts","inc_12_pov",1514,441
"2581005","Winthrop Town city, Massachusetts","inc_12_pov_m",590,182
"2581005","Winthrop Town city, Massachusetts","inc_12_pov_f",924,312
"2581035","Woburn city, Massachusetts","inc_12_pov",2347,525
"2581035","Woburn city, Massachusetts","inc_12_pov_m",829,207
"2581035","Woburn city, Massachusetts","inc_12_pov_f",1518,401
"2581245","Woods Hole CDP, Massachusetts","inc_12_pov",115,96
"2581245","Woods Hole CDP, Massachusetts","inc_12_pov_m",33,42
"2581245","Woods Hole CDP, Massachusetts","inc_12_pov_f",82,65
"2582000","Worcester city, Massachusetts","inc_12_pov",37560,1858
"2582000","Worcester city, Massachusetts","inc_12_pov_m",16940,1061
"2582000","Worcester city, Massachusetts","inc_12_pov_f",20620,1144
"2582595","Yarmouth Port CDP, Massachusetts","inc_12_pov",274,172
"2582595","Yarmouth Port CDP, Massachusetts","inc_12_pov_m",118,88
"2582595","Yarmouth Port CDP, Massachusetts","inc_12_pov_f",156,90
