"GEOID","NAME","variable","estimate","moe"
"2500135","Abington CDP, Massachusetts","pop_male",7093,291
"2500135","Abington CDP, Massachusetts","pop_female",9103,294
"2500135","Abington CDP, Massachusetts","pop_total",16196,37
"2500530","Acushnet Center CDP, Massachusetts","pop_male",1334,194
"2500530","Acushnet Center CDP, Massachusetts","pop_female",1525,188
"2500530","Acushnet Center CDP, Massachusetts","pop_total",2859,315
"2500590","Adams CDP, Massachusetts","pop_male",2623,190
"2500590","Adams CDP, Massachusetts","pop_female",2789,187
"2500590","Adams CDP, Massachusetts","pop_total",5412,226
"2500840","Agawam Town city, Massachusetts","pop_male",13670,457
"2500840","Agawam Town city, Massachusetts","pop_female",15031,456
"2500840","Agawam Town city, Massachusetts","pop_total",28701,50
"2501260","Amesbury Town city, Massachusetts","pop_male",8429,345
"2501260","Amesbury Town city, Massachusetts","pop_female",8653,345
"2501260","Amesbury Town city, Massachusetts","pop_total",17082,30
"2501360","Amherst Center CDP, Massachusetts","pop_male",9303,680
"2501360","Amherst Center CDP, Massachusetts","pop_female",10734,588
"2501360","Amherst Center CDP, Massachusetts","pop_total",20037,722
"2501430","Andover CDP, Massachusetts","pop_male",4095,294
"2501430","Andover CDP, Massachusetts","pop_female",5099,466
"2501430","Andover CDP, Massachusetts","pop_total",9194,611
"2501640","Arlington CDP, Massachusetts","pop_male",20755,520
"2501640","Arlington CDP, Massachusetts","pop_female",23653,518
"2501640","Arlington CDP, Massachusetts","pop_total",44408,30
"2502515","Athol CDP, Massachusetts","pop_male",4117,328
"2502515","Athol CDP, Massachusetts","pop_female",4311,372
"2502515","Athol CDP, Massachusetts","pop_total",8428,436
"2502690","Attleboro city, Massachusetts","pop_male",21408,621
"2502690","Attleboro city, Massachusetts","pop_female",22713,621
"2502690","Attleboro city, Massachusetts","pop_total",44121,29
"2503040","Ayer CDP, Massachusetts","pop_male",1502,306
"2503040","Ayer CDP, Massachusetts","pop_female",1377,261
"2503040","Ayer CDP, Massachusetts","pop_total",2879,438
"2503355","Baldwinville CDP, Massachusetts","pop_male",952,210
"2503355","Baldwinville CDP, Massachusetts","pop_female",1108,257
"2503355","Baldwinville CDP, Massachusetts","pop_total",2060,394
"2503690","Barnstable Town city, Massachusetts","pop_male",21522,504
"2503690","Barnstable Town city, Massachusetts","pop_female",22976,505
"2503690","Barnstable Town city, Massachusetts","pop_total",44498,29
"2503705","Barre CDP, Massachusetts","pop_male",765,329
"2503705","Barre CDP, Massachusetts","pop_female",494,189
"2503705","Barre CDP, Massachusetts","pop_total",1259,433
"2504790","Belchertown CDP, Massachusetts","pop_male",1596,239
"2504790","Belchertown CDP, Massachusetts","pop_female",1524,277
"2504790","Belchertown CDP, Massachusetts","pop_total",3120,436
"2504965","Bellingham CDP, Massachusetts","pop_male",2520,313
"2504965","Bellingham CDP, Massachusetts","pop_female",2856,344
"2504965","Bellingham CDP, Massachusetts","pop_total",5376,541
"2505105","Belmont CDP, Massachusetts","pop_male",11942,372
"2505105","Belmont CDP, Massachusetts","pop_female",13613,369
"2505105","Belmont CDP, Massachusetts","pop_total",25555,29
"2505595","Beverly city, Massachusetts","pop_male",19412,525
"2505595","Beverly city, Massachusetts","pop_female",21555,524
"2505595","Beverly city, Massachusetts","pop_total",40967,23
"2506050","Blandford CDP, Massachusetts","pop_male",168,38
"2506050","Blandford CDP, Massachusetts","pop_female",184,42
"2506050","Blandford CDP, Massachusetts","pop_total",352,70
"2506170","Bliss Corner CDP, Massachusetts","pop_male",2418,313
"2506170","Bliss Corner CDP, Massachusetts","pop_female",2848,304
"2506170","Bliss Corner CDP, Massachusetts","pop_total",5266,474
"2507000","Boston city, Massachusetts","pop_male",316009,974
"2507000","Boston city, Massachusetts","pop_female",342270,970
"2507000","Boston city, Massachusetts","pop_total",658279,64
"2507140","Bourne CDP, Massachusetts","pop_male",441,147
"2507140","Bourne CDP, Massachusetts","pop_female",613,148
"2507140","Bourne CDP, Massachusetts","pop_total",1054,272
"2507385","Boxford CDP, Massachusetts","pop_male",1269,217
"2507385","Boxford CDP, Massachusetts","pop_female",1203,198
"2507385","Boxford CDP, Massachusetts","pop_total",2472,346
"2507740","Braintree Town city, Massachusetts","pop_male",17454,480
"2507740","Braintree Town city, Massachusetts","pop_female",19612,483
"2507740","Braintree Town city, Massachusetts","pop_total",37066,45
"2507945","Brewster CDP, Massachusetts","pop_male",963,225
"2507945","Brewster CDP, Massachusetts","pop_female",1125,234
"2507945","Brewster CDP, Massachusetts","pop_total",2088,407
"2508050","Bridgewater CDP, Massachusetts","pop_male",4186,547
"2508050","Bridgewater CDP, Massachusetts","pop_female",4358,467
"2508050","Bridgewater CDP, Massachusetts","pop_total",8544,739
"2509000","Brockton city, Massachusetts","pop_male",45538,559
"2509000","Brockton city, Massachusetts","pop_female",49275,563
"2509000","Brockton city, Massachusetts","pop_total",94813,60
"2509070","Brookfield CDP, Massachusetts","pop_male",450,149
"2509070","Brookfield CDP, Massachusetts","pop_female",225,68
"2509070","Brookfield CDP, Massachusetts","pop_total",675,163
"2509210","Brookline CDP, Massachusetts","pop_male",26523,759
"2509210","Brookline CDP, Massachusetts","pop_female",32657,764
"2509210","Brookline CDP, Massachusetts","pop_total",59180,59
"2509875","Burlington CDP, Massachusetts","pop_male",12783,557
"2509875","Burlington CDP, Massachusetts","pop_female",12915,554
"2509875","Burlington CDP, Massachusetts","pop_total",25698,36
"2510015","Buzzards Bay CDP, Massachusetts","pop_male",1807,279
"2510015","Buzzards Bay CDP, Massachusetts","pop_female",1541,217
"2510015","Buzzards Bay CDP, Massachusetts","pop_total",3348,397
"2511000","Cambridge city, Massachusetts","pop_male",53044,906
"2511000","Cambridge city, Massachusetts","pop_female",55713,909
"2511000","Cambridge city, Massachusetts","pop_total",108757,58
"2512960","Chatham CDP, Massachusetts","pop_male",713,192
"2512960","Chatham CDP, Massachusetts","pop_female",716,144
"2512960","Chatham CDP, Massachusetts","pop_total",1429,275
"2513205","Chelsea city, Massachusetts","pop_male",19538,537
"2513205","Chelsea city, Massachusetts","pop_female",18706,533
"2513205","Chelsea city, Massachusetts","pop_total",38244,39
"2513310","Cheshire CDP, Massachusetts","pop_male",358,173
"2513310","Cheshire CDP, Massachusetts","pop_female",289,100
"2513310","Cheshire CDP, Massachusetts","pop_total",647,230
"2513450","Chester CDP, Massachusetts","pop_male",448,93
"2513450","Chester CDP, Massachusetts","pop_female",341,73
"2513450","Chester CDP, Massachusetts","pop_total",789,145
"2513660","Chicopee city, Massachusetts","pop_male",27437,721
"2513660","Chicopee city, Massachusetts","pop_female",28663,716
"2513660","Chicopee city, Massachusetts","pop_total",56100,63
"2514430","Clinton CDP, Massachusetts","pop_male",3551,332
"2514430","Clinton CDP, Massachusetts","pop_female",3681,375
"2514430","Clinton CDP, Massachusetts","pop_total",7232,579
"2514570","Cochituate CDP, Massachusetts","pop_male",3481,226
"2514570","Cochituate CDP, Massachusetts","pop_female",3459,201
"2514570","Cochituate CDP, Massachusetts","pop_total",6940,267
"2515340","Cordaville CDP, Massachusetts","pop_male",1410,157
"2515340","Cordaville CDP, Massachusetts","pop_female",1437,197
"2515340","Cordaville CDP, Massachusetts","pop_total",2847,283
"2516285","Danvers CDP, Massachusetts","pop_male",13337,439
"2516285","Danvers CDP, Massachusetts","pop_female",14221,440
"2516285","Danvers CDP, Massachusetts","pop_total",27558,47
"2516530","Dedham CDP, Massachusetts","pop_male",12187,399
"2516530","Dedham CDP, Massachusetts","pop_female",13085,399
"2516530","Dedham CDP, Massachusetts","pop_total",25272,55
"2516635","Deerfield CDP, Massachusetts","pop_male",443,203
"2516635","Deerfield CDP, Massachusetts","pop_female",562,207
"2516635","Deerfield CDP, Massachusetts","pop_total",1005,300
"2516740","Dennis CDP, Massachusetts","pop_male",1224,179
"2516740","Dennis CDP, Massachusetts","pop_female",1283,206
"2516740","Dennis CDP, Massachusetts","pop_total",2507,362
"2516810","Dennis Port CDP, Massachusetts","pop_male",1224,204
"2516810","Dennis Port CDP, Massachusetts","pop_female",1456,222
"2516810","Dennis Port CDP, Massachusetts","pop_total",2680,374
"2516840","Devens CDP, Massachusetts","pop_male",1561,437
"2516840","Devens CDP, Massachusetts","pop_female",212,78
"2516840","Devens CDP, Massachusetts","pop_total",1773,445
"2517370","Dover CDP, Massachusetts","pop_male",1273,202
"2517370","Dover CDP, Massachusetts","pop_female",1180,185
"2517370","Dover CDP, Massachusetts","pop_total",2453,314
"2517860","Duxbury CDP, Massachusetts","pop_male",670,139
"2517860","Duxbury CDP, Massachusetts","pop_female",828,163
"2517860","Duxbury CDP, Massachusetts","pop_total",1498,257
"2518595","East Brookfield CDP, Massachusetts","pop_male",611,108
"2518595","East Brookfield CDP, Massachusetts","pop_female",592,91
"2518595","East Brookfield CDP, Massachusetts","pop_total",1203,155
"2518840","East Dennis CDP, Massachusetts","pop_male",1349,245
"2518840","East Dennis CDP, Massachusetts","pop_female",1475,167
"2518840","East Dennis CDP, Massachusetts","pop_total",2824,343
"2518875","East Douglas CDP, Massachusetts","pop_male",1111,232
"2518875","East Douglas CDP, Massachusetts","pop_female",1309,423
"2518875","East Douglas CDP, Massachusetts","pop_total",2420,556
"2518980","East Falmouth CDP, Massachusetts","pop_male",2770,354
"2518980","East Falmouth CDP, Massachusetts","pop_female",3034,340
"2518980","East Falmouth CDP, Massachusetts","pop_total",5804,623
"2519370","Easthampton Town city, Massachusetts","pop_male",7708,351
"2519370","Easthampton Town city, Massachusetts","pop_female",8334,354
"2519370","Easthampton Town city, Massachusetts","pop_total",16042,47
"2519400","East Harwich CDP, Massachusetts","pop_male",2351,236
"2519400","East Harwich CDP, Massachusetts","pop_female",2628,244
"2519400","East Harwich CDP, Massachusetts","pop_total",4979,341
"2520310","East Pepperell CDP, Massachusetts","pop_male",825,187
"2520310","East Pepperell CDP, Massachusetts","pop_female",1016,193
"2520310","East Pepperell CDP, Massachusetts","pop_total",1841,334
"2520380","East Sandwich CDP, Massachusetts","pop_male",1819,206
"2520380","East Sandwich CDP, Massachusetts","pop_female",1916,218
"2520380","East Sandwich CDP, Massachusetts","pop_total",3735,363
"2521115","Edgartown CDP, Massachusetts","pop_male",340,184
"2521115","Edgartown CDP, Massachusetts","pop_female",309,150
"2521115","Edgartown CDP, Massachusetts","pop_total",649,289
"2521815","Essex CDP, Massachusetts","pop_male",687,138
"2521815","Essex CDP, Massachusetts","pop_female",789,145
"2521815","Essex CDP, Massachusetts","pop_total",1476,232
"2521990","Everett city, Massachusetts","pop_male",21639,568
"2521990","Everett city, Massachusetts","pop_female",22997,574
"2521990","Everett city, Massachusetts","pop_total",44636,44
"2523000","Fall River city, Massachusetts","pop_male",42161,882
"2523000","Fall River city, Massachusetts","pop_female",46741,879
"2523000","Fall River city, Massachusetts","pop_total",88902,54
"2523070","Falmouth CDP, Massachusetts","pop_male",1643,263
"2523070","Falmouth CDP, Massachusetts","pop_female",2087,231
"2523070","Falmouth CDP, Massachusetts","pop_total",3730,418
"2523840","Fiskdale CDP, Massachusetts","pop_male",1040,253
"2523840","Fiskdale CDP, Massachusetts","pop_female",1365,328
"2523840","Fiskdale CDP, Massachusetts","pop_total",2405,493
"2523875","Fitchburg city, Massachusetts","pop_male",20103,623
"2523875","Fitchburg city, Massachusetts","pop_female",20338,622
"2523875","Fitchburg city, Massachusetts","pop_total",40441,31
"2524190","Forestdale CDP, Massachusetts","pop_male",2564,467
"2524190","Forestdale CDP, Massachusetts","pop_female",2324,280
"2524190","Forestdale CDP, Massachusetts","pop_total",4888,603
"2524855","Foxborough CDP, Massachusetts","pop_male",2774,373
"2524855","Foxborough CDP, Massachusetts","pop_female",2717,361
"2524855","Foxborough CDP, Massachusetts","pop_total",5491,638
"2524960","Framingham CDP, Massachusetts","pop_male",33615,887
"2524960","Framingham CDP, Massachusetts","pop_female",37128,885
"2524960","Framingham CDP, Massachusetts","pop_total",70743,51
"2525172","Franklin Town city, Massachusetts","pop_male",15962,399
"2525172","Franklin Town city, Massachusetts","pop_female",16911,393
"2525172","Franklin Town city, Massachusetts","pop_total",32873,31
"2525485","Gardner city, Massachusetts","pop_male",10000,384
"2525485","Gardner city, Massachusetts","pop_female",10334,384
"2525485","Gardner city, Massachusetts","pop_total",20334,68
"2526150","Gloucester city, Massachusetts","pop_male",14285,351
"2526150","Gloucester city, Massachusetts","pop_female",15261,352
"2526150","Gloucester city, Massachusetts","pop_total",29546,27
"2526500","Granby CDP, Massachusetts","pop_male",709,196
"2526500","Granby CDP, Massachusetts","pop_female",766,218
"2526500","Granby CDP, Massachusetts","pop_total",1475,369
"2526780","Great Barrington CDP, Massachusetts","pop_male",1184,245
"2526780","Great Barrington CDP, Massachusetts","pop_female",1235,221
"2526780","Great Barrington CDP, Massachusetts","pop_total",2419,395
"2527100","Greenfield Town city, Massachusetts","pop_male",8706,284
"2527100","Greenfield Town city, Massachusetts","pop_female",8771,283
"2527100","Greenfield Town city, Massachusetts","pop_total",17477,25
"2527147","Green Harbor-Cedar Crest CDP, Massachusetts","pop_male",1239,255
"2527147","Green Harbor-Cedar Crest CDP, Massachusetts","pop_female",1531,299
"2527147","Green Harbor-Cedar Crest CDP, Massachusetts","pop_total",2770,499
"2527445","Groton CDP, Massachusetts","pop_male",526,162
"2527445","Groton CDP, Massachusetts","pop_female",637,147
"2527445","Groton CDP, Massachusetts","pop_total",1163,261
"2528425","Hanscom AFB CDP, Massachusetts","pop_male",1008,122
"2528425","Hanscom AFB CDP, Massachusetts","pop_female",935,98
"2528425","Hanscom AFB CDP, Massachusetts","pop_total",1943,162
"2528460","Hanson CDP, Massachusetts","pop_male",959,231
"2528460","Hanson CDP, Massachusetts","pop_female",798,145
"2528460","Hanson CDP, Massachusetts","pop_total",1757,337
"2529055","Harwich Center CDP, Massachusetts","pop_male",661,167
"2529055","Harwich Center CDP, Massachusetts","pop_female",762,199
"2529055","Harwich Center CDP, Massachusetts","pop_total",1423,307
"2529090","Harwich Port CDP, Massachusetts","pop_male",739,137
"2529090","Harwich Port CDP, Massachusetts","pop_female",982,180
"2529090","Harwich Port CDP, Massachusetts","pop_total",1721,293
"2529230","Hatfield CDP, Massachusetts","pop_male",701,101
"2529230","Hatfield CDP, Massachusetts","pop_female",786,129
"2529230","Hatfield CDP, Massachusetts","pop_total",1487,176
"2529405","Haverhill city, Massachusetts","pop_male",29780,527
"2529405","Haverhill city, Massachusetts","pop_female",32560,526
"2529405","Haverhill city, Massachusetts","pop_total",62340,55
"2530175","Hingham CDP, Massachusetts","pop_male",2655,282
"2530175","Hingham CDP, Massachusetts","pop_female",3122,355
"2530175","Hingham CDP, Massachusetts","pop_total",5777,519
"2530420","Holbrook CDP, Massachusetts","pop_male",5405,258
"2530420","Holbrook CDP, Massachusetts","pop_female",5603,258
"2530420","Holbrook CDP, Massachusetts","pop_total",11008,25
"2530630","Holland CDP, Massachusetts","pop_male",716,102
"2530630","Holland CDP, Massachusetts","pop_female",664,114
"2530630","Holland CDP, Massachusetts","pop_total",1380,191
"2530840","Holyoke city, Massachusetts","pop_male",20056,551
"2530840","Holyoke city, Massachusetts","pop_female",20224,554
"2530840","Holyoke city, Massachusetts","pop_total",40280,40
"2530980","Hopedale CDP, Massachusetts","pop_male",1842,222
"2530980","Hopedale CDP, Massachusetts","pop_female",1970,229
"2530980","Hopedale CDP, Massachusetts","pop_total",3812,342
"2531050","Hopkinton CDP, Massachusetts","pop_male",1302,240
"2531050","Hopkinton CDP, Massachusetts","pop_female",1492,249
"2531050","Hopkinton CDP, Massachusetts","pop_total",2794,422
"2531295","Housatonic CDP, Massachusetts","pop_male",377,205
"2531295","Housatonic CDP, Massachusetts","pop_female",311,145
"2531295","Housatonic CDP, Massachusetts","pop_total",688,315
"2531575","Hudson CDP, Massachusetts","pop_male",7635,312
"2531575","Hudson CDP, Massachusetts","pop_female",7744,297
"2531575","Hudson CDP, Massachusetts","pop_total",15379,324
"2531680","Hull CDP, Massachusetts","pop_male",5097,213
"2531680","Hull CDP, Massachusetts","pop_female",5340,214
"2531680","Hull CDP, Massachusetts","pop_total",10437,22
"2531750","Huntington CDP, Massachusetts","pop_male",321,58
"2531750","Huntington CDP, Massachusetts","pop_female",309,69
"2531750","Huntington CDP, Massachusetts","pop_total",630,108
"2532275","Ipswich CDP, Massachusetts","pop_male",2028,184
"2532275","Ipswich CDP, Massachusetts","pop_female",2187,232
"2532275","Ipswich CDP, Massachusetts","pop_total",4215,335
"2533185","Kingston CDP, Massachusetts","pop_male",2810,342
"2533185","Kingston CDP, Massachusetts","pop_female",3466,420
"2533185","Kingston CDP, Massachusetts","pop_total",6276,561
"2534550","Lawrence city, Massachusetts","pop_male",38293,740
"2534550","Lawrence city, Massachusetts","pop_female",41044,742
"2534550","Lawrence city, Massachusetts","pop_total",79337,38
"2534620","Lee CDP, Massachusetts","pop_male",847,223
"2534620","Lee CDP, Massachusetts","pop_female",962,268
"2534620","Lee CDP, Massachusetts","pop_total",1809,396
"2534935","Lenox CDP, Massachusetts","pop_male",819,163
"2534935","Lenox CDP, Massachusetts","pop_female",1014,161
"2534935","Lenox CDP, Massachusetts","pop_total",1833,252
"2535075","Leominster city, Massachusetts","pop_male",19304,481
"2535075","Leominster city, Massachusetts","pop_female",22000,484
"2535075","Leominster city, Massachusetts","pop_total",41304,39
"2535250","Lexington CDP, Massachusetts","pop_male",15866,389
"2535250","Lexington CDP, Massachusetts","pop_female",17070,390
"2535250","Lexington CDP, Massachusetts","pop_total",32936,44
"2536020","Littleton Common CDP, Massachusetts","pop_male",1520,186
"2536020","Littleton Common CDP, Massachusetts","pop_female",1482,173
"2536020","Littleton Common CDP, Massachusetts","pop_total",3002,273
"2536335","Longmeadow CDP, Massachusetts","pop_male",7496,274
"2536335","Longmeadow CDP, Massachusetts","pop_female",8341,276
"2536335","Longmeadow CDP, Massachusetts","pop_total",15837,39
"2537000","Lowell city, Massachusetts","pop_male",55192,850
"2537000","Lowell city, Massachusetts","pop_female",54679,849
"2537000","Lowell city, Massachusetts","pop_total",109871,61
"2537385","Lunenburg CDP, Massachusetts","pop_male",850,216
"2537385","Lunenburg CDP, Massachusetts","pop_female",1177,368
"2537385","Lunenburg CDP, Massachusetts","pop_total",2027,510
"2537490","Lynn city, Massachusetts","pop_male",44777,697
"2537490","Lynn city, Massachusetts","pop_female",47297,705
"2537490","Lynn city, Massachusetts","pop_total",92074,42
"2537595","Lynnfield CDP, Massachusetts","pop_male",6169,263
"2537595","Lynnfield CDP, Massachusetts","pop_female",6320,266
"2537595","Lynnfield CDP, Massachusetts","pop_total",12489,29
"2537735","Madaket CDP, Massachusetts","pop_male",177,46
"2537735","Madaket CDP, Massachusetts","pop_female",130,56
"2537735","Madaket CDP, Massachusetts","pop_total",307,96
"2537875","Malden city, Massachusetts","pop_male",29361,896
"2537875","Malden city, Massachusetts","pop_female",31371,895
"2537875","Malden city, Massachusetts","pop_total",60732,53
"2538230","Mansfield Center CDP, Massachusetts","pop_male",3803,349
"2538230","Mansfield Center CDP, Massachusetts","pop_female",3960,316
"2538230","Mansfield Center CDP, Massachusetts","pop_total",7763,449
"2538435","Marblehead CDP, Massachusetts","pop_male",9446,307
"2538435","Marblehead CDP, Massachusetts","pop_female",10917,311
"2538435","Marblehead CDP, Massachusetts","pop_total",20363,44
"2538575","Marion Center CDP, Massachusetts","pop_male",548,162
"2538575","Marion Center CDP, Massachusetts","pop_female",809,199
"2538575","Marion Center CDP, Massachusetts","pop_total",1357,286
"2538715","Marlborough city, Massachusetts","pop_male",19209,601
"2538715","Marlborough city, Massachusetts","pop_female",20336,605
"2538715","Marlborough city, Massachusetts","pop_total",39545,38
"2538820","Marshfield CDP, Massachusetts","pop_male",2145,273
"2538820","Marshfield CDP, Massachusetts","pop_female",2518,303
"2538820","Marshfield CDP, Massachusetts","pop_total",4663,463
"2538960","Marshfield Hills CDP, Massachusetts","pop_male",1139,238
"2538960","Marshfield Hills CDP, Massachusetts","pop_female",1373,327
"2538960","Marshfield Hills CDP, Massachusetts","pop_total",2512,508
"2539152","Mashpee Neck CDP, Massachusetts","pop_male",429,136
"2539152","Mashpee Neck CDP, Massachusetts","pop_female",448,116
"2539152","Mashpee Neck CDP, Massachusetts","pop_total",877,229
"2539485","Mattapoisett Center CDP, Massachusetts","pop_male",1495,276
"2539485","Mattapoisett Center CDP, Massachusetts","pop_female",1895,350
"2539485","Mattapoisett Center CDP, Massachusetts","pop_total",3390,485
"2539660","Maynard CDP, Massachusetts","pop_male",5331,267
"2539660","Maynard CDP, Massachusetts","pop_female",5195,271
"2539660","Maynard CDP, Massachusetts","pop_total",10526,23
"2539730","Medfield CDP, Massachusetts","pop_male",3402,331
"2539730","Medfield CDP, Massachusetts","pop_female",3173,267
"2539730","Medfield CDP, Massachusetts","pop_total",6575,513
"2539835","Medford city, Massachusetts","pop_male",27265,919
"2539835","Medford city, Massachusetts","pop_female",29915,915
"2539835","Medford city, Massachusetts","pop_total",57180,86
"2540115","Melrose city, Massachusetts","pop_male",13506,478
"2540115","Melrose city, Massachusetts","pop_female",14281,481
"2540115","Melrose city, Massachusetts","pop_total",27787,29
"2540710","Methuen Town city, Massachusetts","pop_male",23976,604
"2540710","Methuen Town city, Massachusetts","pop_female",25067,606
"2540710","Methuen Town city, Massachusetts","pop_total",49043,33
"2540885","Middleborough Center CDP, Massachusetts","pop_male",3745,424
"2540885","Middleborough Center CDP, Massachusetts","pop_female",3670,365
"2540885","Middleborough Center CDP, Massachusetts","pop_total",7415,596
"2541200","Milford CDP, Massachusetts","pop_male",12553,490
"2541200","Milford CDP, Massachusetts","pop_female",13148,462
"2541200","Milford CDP, Massachusetts","pop_total",25701,319
"2541410","Millers Falls CDP, Massachusetts","pop_male",525,135
"2541410","Millers Falls CDP, Massachusetts","pop_female",550,120
"2541410","Millers Falls CDP, Massachusetts","pop_total",1075,213
"2541532","Millis-Clicquot CDP, Massachusetts","pop_male",2191,265
"2541532","Millis-Clicquot CDP, Massachusetts","pop_female",2374,297
"2541532","Millis-Clicquot CDP, Massachusetts","pop_total",4565,464
"2541725","Milton CDP, Massachusetts","pop_male",12762,403
"2541725","Milton CDP, Massachusetts","pop_female",14589,403
"2541725","Milton CDP, Massachusetts","pop_total",27351,29
"2541960","Monomoscoy Island CDP, Massachusetts","pop_male",81,81
"2541960","Monomoscoy Island CDP, Massachusetts","pop_female",44,49
"2541960","Monomoscoy Island CDP, Massachusetts","pop_total",125,125
"2542180","Monson Center CDP, Massachusetts","pop_male",965,169
"2542180","Monson Center CDP, Massachusetts","pop_female",1066,196
"2542180","Monson Center CDP, Massachusetts","pop_total",2031,283
"2542670","Monument Beach CDP, Massachusetts","pop_male",1585,318
"2542670","Monument Beach CDP, Massachusetts","pop_female",1597,338
"2542670","Monument Beach CDP, Massachusetts","pop_total",3182,580
"2543615","Nahant CDP, Massachusetts","pop_male",1565,174
"2543615","Nahant CDP, Massachusetts","pop_female",1906,176
"2543615","Nahant CDP, Massachusetts","pop_total",3471,17
"2543755","Nantucket CDP, Massachusetts","pop_male",4253,314
"2543755","Nantucket CDP, Massachusetts","pop_female",3577,219
"2543755","Nantucket CDP, Massachusetts","pop_total",7830,407
"2544140","Needham CDP, Massachusetts","pop_male",14976,472
"2544140","Needham CDP, Massachusetts","pop_female",15191,478
"2544140","Needham CDP, Massachusetts","pop_total",30167,67
"2545000","New Bedford city, Massachusetts","pop_male",44688,711
"2545000","New Bedford city, Massachusetts","pop_female",50300,708
"2545000","New Bedford city, Massachusetts","pop_total",94988,75
"2545245","Newburyport city, Massachusetts","pop_male",8132,391
"2545245","Newburyport city, Massachusetts","pop_female",9705,389
"2545245","Newburyport city, Massachusetts","pop_total",17837,26
"2545500","New Seabury CDP, Massachusetts","pop_male",435,100
"2545500","New Seabury CDP, Massachusetts","pop_female",465,100
"2545500","New Seabury CDP, Massachusetts","pop_total",900,162
"2545560","Newton city, Massachusetts","pop_male",41747,737
"2545560","Newton city, Massachusetts","pop_female",46570,735
"2545560","Newton city, Massachusetts","pop_total",88317,64
"2546225","North Adams city, Massachusetts","pop_male",6368,340
"2546225","North Adams city, Massachusetts","pop_female",6958,342
"2546225","North Adams city, Massachusetts","pop_total",13326,43
"2546295","North Amherst CDP, Massachusetts","pop_male",4061,416
"2546295","North Amherst CDP, Massachusetts","pop_female",3229,415
"2546295","North Amherst CDP, Massachusetts","pop_total",7290,605
"2546330","Northampton city, Massachusetts","pop_male",12608,463
"2546330","Northampton city, Massachusetts","pop_female",15926,458
"2546330","Northampton city, Massachusetts","pop_total",28534,43
"2546785","Northborough CDP, Massachusetts","pop_male",3041,279
"2546785","Northborough CDP, Massachusetts","pop_female",3273,370
"2546785","Northborough CDP, Massachusetts","pop_total",6314,528
"2547100","North Brookfield CDP, Massachusetts","pop_male",1019,188
"2547100","North Brookfield CDP, Massachusetts","pop_female",1259,150
"2547100","North Brookfield CDP, Massachusetts","pop_total",2278,278
"2547590","North Eastham CDP, Massachusetts","pop_male",821,190
"2547590","North Eastham CDP, Massachusetts","pop_female",921,187
"2547590","North Eastham CDP, Massachusetts","pop_total",1742,337
"2547730","North Falmouth CDP, Massachusetts","pop_male",1108,223
"2547730","North Falmouth CDP, Massachusetts","pop_female",1497,296
"2547730","North Falmouth CDP, Massachusetts","pop_total",2605,458
"2547800","Northfield CDP, Massachusetts","pop_male",588,116
"2547800","Northfield CDP, Massachusetts","pop_female",658,113
"2547800","Northfield CDP, Massachusetts","pop_total",1246,178
"2548220","North Lakeville CDP, Massachusetts","pop_male",1256,159
"2548220","North Lakeville CDP, Massachusetts","pop_female",1427,174
"2548220","North Lakeville CDP, Massachusetts","pop_total",2683,239
"2548710","North Pembroke CDP, Massachusetts","pop_male",1543,270
"2548710","North Pembroke CDP, Massachusetts","pop_female",1433,284
"2548710","North Pembroke CDP, Massachusetts","pop_total",2976,474
"2548780","North Plymouth CDP, Massachusetts","pop_male",1616,239
"2548780","North Plymouth CDP, Massachusetts","pop_female",1853,197
"2548780","North Plymouth CDP, Massachusetts","pop_total",3469,308
"2549165","North Scituate CDP, Massachusetts","pop_male",2638,270
"2549165","North Scituate CDP, Massachusetts","pop_female",2549,214
"2549165","North Scituate CDP, Massachusetts","pop_total",5187,409
"2549200","North Seekonk CDP, Massachusetts","pop_male",1408,245
"2549200","North Seekonk CDP, Massachusetts","pop_female",1406,288
"2549200","North Seekonk CDP, Massachusetts","pop_total",2814,457
"2549700","Northwest Harwich CDP, Massachusetts","pop_male",1985,245
"2549700","Northwest Harwich CDP, Massachusetts","pop_female",2059,211
"2549700","Northwest Harwich CDP, Massachusetts","pop_total",4044,370
"2549710","North Westport CDP, Massachusetts","pop_male",2445,329
"2549710","North Westport CDP, Massachusetts","pop_female",2249,275
"2549710","North Westport CDP, Massachusetts","pop_total",4694,499
"2550005","Norton Center CDP, Massachusetts","pop_male",1306,210
"2550005","Norton Center CDP, Massachusetts","pop_female",1426,238
"2550005","Norton Center CDP, Massachusetts","pop_total",2732,308
"2550285","Norwood CDP, Massachusetts","pop_male",14055,339
"2550285","Norwood CDP, Massachusetts","pop_female",14963,345
"2550285","Norwood CDP, Massachusetts","pop_total",29018,35
"2550862","Ocean Bluff-Brant Rock CDP, Massachusetts","pop_male",2534,315
"2550862","Ocean Bluff-Brant Rock CDP, Massachusetts","pop_female",2978,334
"2550862","Ocean Bluff-Brant Rock CDP, Massachusetts","pop_total",5512,498
"2550880","Ocean Grove CDP, Massachusetts","pop_male",1300,310
"2550880","Ocean Grove CDP, Massachusetts","pop_female",1369,382
"2550880","Ocean Grove CDP, Massachusetts","pop_total",2669,601
"2551160","Onset CDP, Massachusetts","pop_male",542,193
"2551160","Onset CDP, Massachusetts","pop_female",684,302
"2551160","Onset CDP, Massachusetts","pop_total",1226,440
"2551230","Orange CDP, Massachusetts","pop_male",1948,168
"2551230","Orange CDP, Massachusetts","pop_female",2169,170
"2551230","Orange CDP, Massachusetts","pop_total",4117,194
"2551405","Orleans CDP, Massachusetts","pop_male",887,162
"2551405","Orleans CDP, Massachusetts","pop_female",1050,176
"2551405","Orleans CDP, Massachusetts","pop_total",1937,279
"2551790","Oxford CDP, Massachusetts","pop_male",2914,361
"2551790","Oxford CDP, Massachusetts","pop_female",3013,284
"2551790","Oxford CDP, Massachusetts","pop_total",5927,446
"2552144","Palmer Town city, Massachusetts","pop_male",5858,267
"2552144","Palmer Town city, Massachusetts","pop_female",6287,270
"2552144","Palmer Town city, Massachusetts","pop_total",12145,20
"2552490","Peabody city, Massachusetts","pop_male",25111,669
"2552490","Peabody city, Massachusetts","pop_female",27124,664
"2552490","Peabody city, Massachusetts","pop_total",52235,71
"2552770","Pepperell CDP, Massachusetts","pop_male",1153,179
"2552770","Pepperell CDP, Massachusetts","pop_female",1264,201
"2552770","Pepperell CDP, Massachusetts","pop_total",2417,324
"2553085","Petersham CDP, Massachusetts","pop_male",99,32
"2553085","Petersham CDP, Massachusetts","pop_female",121,26
"2553085","Petersham CDP, Massachusetts","pop_total",220,53
"2553680","Pinehurst CDP, Massachusetts","pop_male",3834,236
"2553680","Pinehurst CDP, Massachusetts","pop_female",3712,245
"2553680","Pinehurst CDP, Massachusetts","pop_total",7546,368
"2553960","Pittsfield city, Massachusetts","pop_male",20886,441
"2553960","Pittsfield city, Massachusetts","pop_female",22746,446
"2553960","Pittsfield city, Massachusetts","pop_total",43632,41
"2554275","Plymouth CDP, Massachusetts","pop_male",3442,503
"2554275","Plymouth CDP, Massachusetts","pop_female",3957,403
"2554275","Plymouth CDP, Massachusetts","pop_total",7399,725
"2554450","Pocasset CDP, Massachusetts","pop_male",1395,274
"2554450","Pocasset CDP, Massachusetts","pop_female",1691,232
"2554450","Pocasset CDP, Massachusetts","pop_total",3086,451
"2555070","Popponesset CDP, Massachusetts","pop_male",99,62
"2555070","Popponesset CDP, Massachusetts","pop_female",96,46
"2555070","Popponesset CDP, Massachusetts","pop_total",195,92
"2555090","Popponesset Island CDP, Massachusetts","pop_male",10,16
"2555090","Popponesset Island CDP, Massachusetts","pop_female",0,12
"2555090","Popponesset Island CDP, Massachusetts","pop_total",10,16
"2555535","Provincetown CDP, Massachusetts","pop_male",1441,158
"2555535","Provincetown CDP, Massachusetts","pop_female",1239,174
"2555535","Provincetown CDP, Massachusetts","pop_total",2680,93
"2555745","Quincy city, Massachusetts","pop_male",45161,792
"2555745","Quincy city, Massachusetts","pop_female",48188,794
"2555745","Quincy city, Massachusetts","pop_total",93349,46
"2555990","Randolph CDP, Massachusetts","pop_male",15631,543
"2555990","Randolph CDP, Massachusetts","pop_female",17895,545
"2555990","Randolph CDP, Massachusetts","pop_total",33526,29
"2556095","Raynham Center CDP, Massachusetts","pop_male",2042,355
"2556095","Raynham Center CDP, Massachusetts","pop_female",2315,423
"2556095","Raynham Center CDP, Massachusetts","pop_total",4357,578
"2556165","Reading CDP, Massachusetts","pop_male",12538,443
"2556165","Reading CDP, Massachusetts","pop_female",12952,446
"2556165","Reading CDP, Massachusetts","pop_total",25490,29
"2556585","Revere city, Massachusetts","pop_male",27471,839
"2556585","Revere city, Massachusetts","pop_female",25694,836
"2556585","Revere city, Massachusetts","pop_total",53165,44
"2557845","Rockport CDP, Massachusetts","pop_male",2159,178
"2557845","Rockport CDP, Massachusetts","pop_female",2942,205
"2557845","Rockport CDP, Massachusetts","pop_total",5101,290
"2558370","Rowley CDP, Massachusetts","pop_male",642,134
"2558370","Rowley CDP, Massachusetts","pop_female",934,209
"2558370","Rowley CDP, Massachusetts","pop_total",1576,317
"2558615","Russell CDP, Massachusetts","pop_male",194,57
"2558615","Russell CDP, Massachusetts","pop_female",292,79
"2558615","Russell CDP, Massachusetts","pop_total",486,125
"2558790","Rutland CDP, Massachusetts","pop_male",1420,297
"2558790","Rutland CDP, Massachusetts","pop_female",1029,179
"2558790","Rutland CDP, Massachusetts","pop_total",2449,386
"2558965","Sagamore CDP, Massachusetts","pop_male",2077,253
"2558965","Sagamore CDP, Massachusetts","pop_female",1661,237
"2558965","Sagamore CDP, Massachusetts","pop_total",3738,373
"2559105","Salem city, Massachusetts","pop_male",19815,634
"2559105","Salem city, Massachusetts","pop_female",22989,639
"2559105","Salem city, Massachusetts","pop_total",42804,36
"2559210","Salisbury CDP, Massachusetts","pop_male",2524,237
"2559210","Salisbury CDP, Massachusetts","pop_female",2468,219
"2559210","Salisbury CDP, Massachusetts","pop_total",4992,343
"2559700","Sandwich CDP, Massachusetts","pop_male",1398,154
"2559700","Sandwich CDP, Massachusetts","pop_female",1646,127
"2559700","Sandwich CDP, Massachusetts","pop_total",3044,225
"2560050","Saugus CDP, Massachusetts","pop_male",13082,443
"2560050","Saugus CDP, Massachusetts","pop_female",14691,443
"2560050","Saugus CDP, Massachusetts","pop_total",27773,39
"2560295","Scituate CDP, Massachusetts","pop_male",2714,272
"2560295","Scituate CDP, Massachusetts","pop_female",2757,283
"2560295","Scituate CDP, Massachusetts","pop_total",5471,449
"2560505","Seabrook CDP, Massachusetts","pop_male",194,94
"2560505","Seabrook CDP, Massachusetts","pop_female",219,86
"2560505","Seabrook CDP, Massachusetts","pop_total",413,161
"2560627","Seconsett Island CDP, Massachusetts","pop_male",11,16
"2560627","Seconsett Island CDP, Massachusetts","pop_female",10,16
"2560627","Seconsett Island CDP, Massachusetts","pop_total",21,32
"2560820","Sharon CDP, Massachusetts","pop_male",2815,240
"2560820","Sharon CDP, Massachusetts","pop_female",3026,302
"2560820","Sharon CDP, Massachusetts","pop_total",5841,464
"2561205","Shelburne Falls CDP, Massachusetts","pop_male",740,130
"2561205","Shelburne Falls CDP, Massachusetts","pop_female",892,113
"2561205","Shelburne Falls CDP, Massachusetts","pop_total",1632,192
"2561555","Shirley CDP, Massachusetts","pop_male",605,179
"2561555","Shirley CDP, Massachusetts","pop_female",756,243
"2561555","Shirley CDP, Massachusetts","pop_total",1361,320
"2561940","Siasconset CDP, Massachusetts","pop_male",98,75
"2561940","Siasconset CDP, Massachusetts","pop_female",85,62
"2561940","Siasconset CDP, Massachusetts","pop_total",183,125
"2562300","Smith Mills CDP, Massachusetts","pop_male",2151,360
"2562300","Smith Mills CDP, Massachusetts","pop_female",2581,288
"2562300","Smith Mills CDP, Massachusetts","pop_total",4732,517
"2562465","Somerset CDP, Massachusetts","pop_male",9015,326
"2562465","Somerset CDP, Massachusetts","pop_female",9264,327
"2562465","Somerset CDP, Massachusetts","pop_total",18279,22
"2562535","Somerville city, Massachusetts","pop_male",39318,932
"2562535","Somerville city, Massachusetts","pop_female",40189,932
"2562535","Somerville city, Massachusetts","pop_total",79507,47
"2562675","South Amherst CDP, Massachusetts","pop_male",2714,450
"2562675","South Amherst CDP, Massachusetts","pop_female",2569,399
"2562675","South Amherst CDP, Massachusetts","pop_total",5283,564
"2562780","South Ashburnham CDP, Massachusetts","pop_male",566,211
"2562780","South Ashburnham CDP, Massachusetts","pop_female",480,161
"2562780","South Ashburnham CDP, Massachusetts","pop_total",1046,310
"2563345","Southbridge Town city, Massachusetts","pop_male",8220,348
"2563345","Southbridge Town city, Massachusetts","pop_female",8604,344
"2563345","Southbridge Town city, Massachusetts","pop_total",16824,26
"2563620","South Deerfield CDP, Massachusetts","pop_male",681,145
"2563620","South Deerfield CDP, Massachusetts","pop_female",857,161
"2563620","South Deerfield CDP, Massachusetts","pop_total",1538,279
"2563655","South Dennis CDP, Massachusetts","pop_male",1518,224
"2563655","South Dennis CDP, Massachusetts","pop_female",2064,257
"2563655","South Dennis CDP, Massachusetts","pop_total",3582,399
"2563690","South Duxbury CDP, Massachusetts","pop_male",1825,200
"2563690","South Duxbury CDP, Massachusetts","pop_female",1859,248
"2563690","South Duxbury CDP, Massachusetts","pop_total",3684,372
"2563840","Southfield CDP, Massachusetts","pop_male",0,12
"2563840","Southfield CDP, Massachusetts","pop_female",0,12
"2563840","Southfield CDP, Massachusetts","pop_total",0,12
"2564460","South Lancaster CDP, Massachusetts","pop_male",829,270
"2564460","South Lancaster CDP, Massachusetts","pop_female",935,241
"2564460","South Lancaster CDP, Massachusetts","pop_total",1764,356
"2566035","South Yarmouth CDP, Massachusetts","pop_male",4949,417
"2566035","South Yarmouth CDP, Massachusetts","pop_female",6004,392
"2566035","South Yarmouth CDP, Massachusetts","pop_total",10953,627
"2566070","Spencer CDP, Massachusetts","pop_male",3060,241
"2566070","Spencer CDP, Massachusetts","pop_female",2730,343
"2566070","Spencer CDP, Massachusetts","pop_total",5790,364
"2567000","Springfield city, Massachusetts","pop_male",72819,860
"2567000","Springfield city, Massachusetts","pop_female",81172,858
"2567000","Springfield city, Massachusetts","pop_total",153991,42
"2567700","Stoneham CDP, Massachusetts","pop_male",10679,371
"2567700","Stoneham CDP, Massachusetts","pop_female",11152,369
"2567700","Stoneham CDP, Massachusetts","pop_total",21831,26
"2568120","Sturbridge CDP, Massachusetts","pop_male",1140,243
"2568120","Sturbridge CDP, Massachusetts","pop_female",1366,275
"2568120","Sturbridge CDP, Massachusetts","pop_total",2506,469
"2568680","Swampscott CDP, Massachusetts","pop_male",6581,273
"2568680","Swampscott CDP, Massachusetts","pop_female",7669,270
"2568680","Swampscott CDP, Massachusetts","pop_total",14250,22
"2569170","Taunton city, Massachusetts","pop_male",26991,628
"2569170","Taunton city, Massachusetts","pop_female",29513,624
"2569170","Taunton city, Massachusetts","pop_total",56504,48
"2569205","Teaticket CDP, Massachusetts","pop_male",805,237
"2569205","Teaticket CDP, Massachusetts","pop_female",841,161
"2569205","Teaticket CDP, Massachusetts","pop_total",1646,371
"2569585","The Pinehills CDP, Massachusetts","pop_male",568,111
"2569585","The Pinehills CDP, Massachusetts","pop_female",707,121
"2569585","The Pinehills CDP, Massachusetts","pop_total",1275,199
"2570115","Topsfield CDP, Massachusetts","pop_male",1601,219
"2570115","Topsfield CDP, Massachusetts","pop_female",1834,234
"2570115","Topsfield CDP, Massachusetts","pop_total",3435,376
"2570325","Townsend CDP, Massachusetts","pop_male",557,194
"2570325","Townsend CDP, Massachusetts","pop_female",856,186
"2570325","Townsend CDP, Massachusetts","pop_total",1413,323
"2570815","Turners Falls CDP, Massachusetts","pop_male",1852,244
"2570815","Turners Falls CDP, Massachusetts","pop_female",2222,208
"2570815","Turners Falls CDP, Massachusetts","pop_total",4074,343
"2571445","Upton CDP, Massachusetts","pop_male",1644,271
"2571445","Upton CDP, Massachusetts","pop_female",1354,237
"2571445","Upton CDP, Massachusetts","pop_total",2998,404
"2571970","Vineyard Haven CDP, Massachusetts","pop_male",1103,242
"2571970","Vineyard Haven CDP, Massachusetts","pop_female",1039,203
"2571970","Vineyard Haven CDP, Massachusetts","pop_total",2142,339
"2572250","Wakefield CDP, Massachusetts","pop_male",12779,431
"2572250","Wakefield CDP, Massachusetts","pop_female",13620,429
"2572250","Wakefield CDP, Massachusetts","pop_total",26399,37
"2572460","Walpole CDP, Massachusetts","pop_male",3106,415
"2572460","Walpole CDP, Massachusetts","pop_female",3103,369
"2572460","Walpole CDP, Massachusetts","pop_total",6209,656
"2572600","Waltham city, Massachusetts","pop_male",30596,743
"2572600","Waltham city, Massachusetts","pop_female",32103,753
"2572600","Waltham city, Massachusetts","pop_total",62699,51
"2572845","Ware CDP, Massachusetts","pop_male",2796,330
"2572845","Ware CDP, Massachusetts","pop_female",2975,357
"2572845","Ware CDP, Massachusetts","pop_total",5771,570
"2573020","Wareham Center CDP, Massachusetts","pop_male",1547,451
"2573020","Wareham Center CDP, Massachusetts","pop_female",1812,303
"2573020","Wareham Center CDP, Massachusetts","pop_total",3359,641
"2573055","Warren CDP, Massachusetts","pop_male",593,269
"2573055","Warren CDP, Massachusetts","pop_female",635,265
"2573055","Warren CDP, Massachusetts","pop_total",1228,478
"2573440","Watertown Town city, Massachusetts","pop_male",16089,555
"2573440","Watertown Town city, Massachusetts","pop_female",17760,555
"2573440","Watertown Town city, Massachusetts","pop_total",33849,42
"2573930","Webster CDP, Massachusetts","pop_male",5535,297
"2573930","Webster CDP, Massachusetts","pop_female",6587,376
"2573930","Webster CDP, Massachusetts","pop_total",12122,418
"2574210","Wellesley CDP, Massachusetts","pop_male",12601,332
"2574210","Wellesley CDP, Massachusetts","pop_female",16308,327
"2574210","Wellesley CDP, Massachusetts","pop_total",28909,50
"2575050","Westborough CDP, Massachusetts","pop_male",1948,211
"2575050","Westborough CDP, Massachusetts","pop_female",2109,163
"2575050","Westborough CDP, Massachusetts","pop_total",4057,225
"2575365","West Brookfield CDP, Massachusetts","pop_male",528,125
"2575365","West Brookfield CDP, Massachusetts","pop_female",592,112
"2575365","West Brookfield CDP, Massachusetts","pop_total",1120,203
"2575505","West Chatham CDP, Massachusetts","pop_male",707,179
"2575505","West Chatham CDP, Massachusetts","pop_female",744,236
"2575505","West Chatham CDP, Massachusetts","pop_total",1451,310
"2575680","West Concord CDP, Massachusetts","pop_male",4319,380
"2575680","West Concord CDP, Massachusetts","pop_female",3303,350
"2575680","West Concord CDP, Massachusetts","pop_total",7622,462
"2575820","West Dennis CDP, Massachusetts","pop_male",1220,174
"2575820","West Dennis CDP, Massachusetts","pop_female",1254,172
"2575820","West Dennis CDP, Massachusetts","pop_total",2474,292
"2575960","West Falmouth CDP, Massachusetts","pop_male",1174,417
"2575960","West Falmouth CDP, Massachusetts","pop_female",847,242
"2575960","West Falmouth CDP, Massachusetts","pop_total",2021,608
"2576030","Westfield city, Massachusetts","pop_male",20466,570
"2576030","Westfield city, Massachusetts","pop_female",21020,572
"2576030","Westfield city, Massachusetts","pop_total",41486,35
"2577890","West Springfield Town city, Massachusetts","pop_male",13890,459
"2577890","West Springfield Town city, Massachusetts","pop_female",14685,459
"2577890","West Springfield Town city, Massachusetts","pop_total",28575,27
"2578410","West Wareham CDP, Massachusetts","pop_male",1475,388
"2578410","West Wareham CDP, Massachusetts","pop_female",1606,394
"2578410","West Wareham CDP, Massachusetts","pop_total",3081,632
"2578795","West Yarmouth CDP, Massachusetts","pop_male",2798,347
"2578795","West Yarmouth CDP, Massachusetts","pop_female",3282,348
"2578795","West Yarmouth CDP, Massachusetts","pop_total",6080,548
"2578850","Weweantic CDP, Massachusetts","pop_male",880,297
"2578850","Weweantic CDP, Massachusetts","pop_female",1030,305
"2578850","Weweantic CDP, Massachusetts","pop_total",1910,551
"2578972","Weymouth Town city, Massachusetts","pop_male",26156,643
"2578972","Weymouth Town city, Massachusetts","pop_female",29445,645
"2578972","Weymouth Town city, Massachusetts","pop_total",55601,28
"2579390","White Island Shores CDP, Massachusetts","pop_male",863,273
"2579390","White Island Shores CDP, Massachusetts","pop_female",719,265
"2579390","White Island Shores CDP, Massachusetts","pop_total",1582,451
"2579495","Whitinsville CDP, Massachusetts","pop_male",3134,307
"2579495","Whitinsville CDP, Massachusetts","pop_female",3697,379
"2579495","Whitinsville CDP, Massachusetts","pop_total",6831,446
"2579705","Wilbraham CDP, Massachusetts","pop_male",2033,348
"2579705","Wilbraham CDP, Massachusetts","pop_female",1883,268
"2579705","Wilbraham CDP, Massachusetts","pop_total",3916,549
"2579950","Williamstown CDP, Massachusetts","pop_male",1945,202
"2579950","Williamstown CDP, Massachusetts","pop_female",2370,184
"2579950","Williamstown CDP, Massachusetts","pop_total",4315,247
"2580195","Wilmington CDP, Massachusetts","pop_male",11673,375
"2580195","Wilmington CDP, Massachusetts","pop_female",11637,375
"2580195","Wilmington CDP, Massachusetts","pop_total",23310,38
"2580370","Winchendon CDP, Massachusetts","pop_male",1820,391
"2580370","Winchendon CDP, Massachusetts","pop_female",1580,296
"2580370","Winchendon CDP, Massachusetts","pop_total",3400,539
"2580545","Winchester CDP, Massachusetts","pop_male",11011,274
"2580545","Winchester CDP, Massachusetts","pop_female",11480,276
"2580545","Winchester CDP, Massachusetts","pop_total",22491,35
"2581005","Winthrop Town city, Massachusetts","pop_male",8296,314
"2581005","Winthrop Town city, Massachusetts","pop_female",9735,312
"2581005","Winthrop Town city, Massachusetts","pop_total",18031,26
"2581035","Woburn city, Massachusetts","pop_male",19498,490
"2581035","Woburn city, Massachusetts","pop_female",19722,495
"2581035","Woburn city, Massachusetts","pop_total",39220,23
"2581245","Woods Hole CDP, Massachusetts","pop_male",390,97
"2581245","Woods Hole CDP, Massachusetts","pop_female",655,140
"2581245","Woods Hole CDP, Massachusetts","pop_total",1045,190
"2582000","Worcester city, Massachusetts","pop_male",90364,1007
"2582000","Worcester city, Massachusetts","pop_female",93313,999
"2582000","Worcester city, Massachusetts","pop_total",183677,46
"2582595","Yarmouth Port CDP, Massachusetts","pop_male",2227,270
"2582595","Yarmouth Port CDP, Massachusetts","pop_female",2723,272
"2582595","Yarmouth Port CDP, Massachusetts","pop_total",4950,460
