"GEOID","NAME","variable","estimate","moe"
"2500135","Abington CDP, Massachusetts","pop_male",7143,303
"2500135","Abington CDP, Massachusetts","pop_female",8969,297
"2500135","Abington CDP, Massachusetts","pop_total",16112,37
"2500530","Acushnet Center CDP, Massachusetts","pop_male",1300,213
"2500530","Acushnet Center CDP, Massachusetts","pop_female",1559,217
"2500530","Acushnet Center CDP, Massachusetts","pop_total",2859,362
"2500590","Adams CDP, Massachusetts","pop_male",2664,240
"2500590","Adams CDP, Massachusetts","pop_female",2811,184
"2500590","Adams CDP, Massachusetts","pop_total",5475,274
"2500840","Agawam Town city, Massachusetts","pop_male",13804,408
"2500840","Agawam Town city, Massachusetts","pop_female",14884,410
"2500840","Agawam Town city, Massachusetts","pop_total",28688,27
"2501260","Amesbury Town city, Massachusetts","pop_male",8397,276
"2501260","Amesbury Town city, Massachusetts","pop_female",8510,276
"2501260","Amesbury Town city, Massachusetts","pop_total",16907,26
"2501360","Amherst Center CDP, Massachusetts","pop_male",9036,689
"2501360","Amherst Center CDP, Massachusetts","pop_female",10507,694
"2501360","Amherst Center CDP, Massachusetts","pop_total",19543,818
"2501430","Andover CDP, Massachusetts","pop_male",3817,308
"2501430","Andover CDP, Massachusetts","pop_female",4966,417
"2501430","Andover CDP, Massachusetts","pop_total",8783,533
"2501640","Arlington CDP, Massachusetts","pop_male",20771,531
"2501640","Arlington CDP, Massachusetts","pop_female",23357,528
"2501640","Arlington CDP, Massachusetts","pop_total",44128,51
"2502515","Athol CDP, Massachusetts","pop_male",4267,283
"2502515","Athol CDP, Massachusetts","pop_female",4160,313
"2502515","Athol CDP, Massachusetts","pop_total",8427,427
"2502690","Attleboro city, Massachusetts","pop_male",21321,641
"2502690","Attleboro city, Massachusetts","pop_female",22632,633
"2502690","Attleboro city, Massachusetts","pop_total",43953,34
"2503040","Ayer CDP, Massachusetts","pop_male",1558,290
"2503040","Ayer CDP, Massachusetts","pop_female",1545,291
"2503040","Ayer CDP, Massachusetts","pop_total",3103,485
"2503355","Baldwinville CDP, Massachusetts","pop_male",1080,262
"2503355","Baldwinville CDP, Massachusetts","pop_female",1094,257
"2503355","Baldwinville CDP, Massachusetts","pop_total",2174,426
"2503690","Barnstable Town city, Massachusetts","pop_male",21623,482
"2503690","Barnstable Town city, Massachusetts","pop_female",22968,481
"2503690","Barnstable Town city, Massachusetts","pop_total",44591,31
"2503705","Barre CDP, Massachusetts","pop_male",629,273
"2503705","Barre CDP, Massachusetts","pop_female",446,158
"2503705","Barre CDP, Massachusetts","pop_total",1075,339
"2504790","Belchertown CDP, Massachusetts","pop_male",1609,318
"2504790","Belchertown CDP, Massachusetts","pop_female",1680,336
"2504790","Belchertown CDP, Massachusetts","pop_total",3289,530
"2504965","Bellingham CDP, Massachusetts","pop_male",2446,289
"2504965","Bellingham CDP, Massachusetts","pop_female",2950,350
"2504965","Bellingham CDP, Massachusetts","pop_total",5396,514
"2505105","Belmont CDP, Massachusetts","pop_male",11886,361
"2505105","Belmont CDP, Massachusetts","pop_female",13451,356
"2505105","Belmont CDP, Massachusetts","pop_total",25337,27
"2505595","Beverly city, Massachusetts","pop_male",19064,448
"2505595","Beverly city, Massachusetts","pop_female",21606,446
"2505595","Beverly city, Massachusetts","pop_total",40670,36
"2506050","Blandford CDP, Massachusetts","pop_male",189,43
"2506050","Blandford CDP, Massachusetts","pop_female",193,39
"2506050","Blandford CDP, Massachusetts","pop_total",382,74
"2506170","Bliss Corner CDP, Massachusetts","pop_male",2609,251
"2506170","Bliss Corner CDP, Massachusetts","pop_female",3148,306
"2506170","Bliss Corner CDP, Massachusetts","pop_total",5757,436
"2507000","Boston city, Massachusetts","pop_male",311843,853
"2507000","Boston city, Massachusetts","pop_female",338438,861
"2507000","Boston city, Massachusetts","pop_total",650281,47
"2507140","Bourne CDP, Massachusetts","pop_male",482,140
"2507140","Bourne CDP, Massachusetts","pop_female",720,216
"2507140","Bourne CDP, Massachusetts","pop_total",1202,311
"2507385","Boxford CDP, Massachusetts","pop_male",1212,261
"2507385","Boxford CDP, Massachusetts","pop_female",1154,234
"2507385","Boxford CDP, Massachusetts","pop_total",2366,441
"2507740","Braintree Town city, Massachusetts","pop_male",17671,472
"2507740","Braintree Town city, Massachusetts","pop_female",19234,474
"2507740","Braintree Town city, Massachusetts","pop_total",36905,31
"2507945","Brewster CDP, Massachusetts","pop_male",1048,249
"2507945","Brewster CDP, Massachusetts","pop_female",1232,205
"2507945","Brewster CDP, Massachusetts","pop_total",2280,389
"2508050","Bridgewater CDP, Massachusetts","pop_male",3867,517
"2508050","Bridgewater CDP, Massachusetts","pop_female",4649,607
"2508050","Bridgewater CDP, Massachusetts","pop_total",8516,781
"2509000","Brockton city, Massachusetts","pop_male",45496,639
"2509000","Brockton city, Massachusetts","pop_female",49036,640
"2509000","Brockton city, Massachusetts","pop_total",94532,46
"2509070","Brookfield CDP, Massachusetts","pop_male",479,111
"2509070","Brookfield CDP, Massachusetts","pop_female",307,89
"2509070","Brookfield CDP, Massachusetts","pop_total",786,162
"2509210","Brookline CDP, Massachusetts","pop_male",25686,668
"2509210","Brookline CDP, Massachusetts","pop_female",33446,664
"2509210","Brookline CDP, Massachusetts","pop_total",59132,42
"2509875","Burlington CDP, Massachusetts","pop_male",12576,459
"2509875","Burlington CDP, Massachusetts","pop_female",12891,459
"2509875","Burlington CDP, Massachusetts","pop_total",25467,34
"2510015","Buzzards Bay CDP, Massachusetts","pop_male",1732,342
"2510015","Buzzards Bay CDP, Massachusetts","pop_female",1325,197
"2510015","Buzzards Bay CDP, Massachusetts","pop_total",3057,472
"2511000","Cambridge city, Massachusetts","pop_male",52208,978
"2511000","Cambridge city, Massachusetts","pop_female",55708,980
"2511000","Cambridge city, Massachusetts","pop_total",107916,31
"2512960","Chatham CDP, Massachusetts","pop_male",771,213
"2512960","Chatham CDP, Massachusetts","pop_female",745,156
"2512960","Chatham CDP, Massachusetts","pop_total",1516,298
"2513205","Chelsea city, Massachusetts","pop_male",18987,540
"2513205","Chelsea city, Massachusetts","pop_female",18594,542
"2513205","Chelsea city, Massachusetts","pop_total",37581,51
"2513310","Cheshire CDP, Massachusetts","pop_male",336,149
"2513310","Cheshire CDP, Massachusetts","pop_female",257,93
"2513310","Cheshire CDP, Massachusetts","pop_total",593,204
"2513450","Chester CDP, Massachusetts","pop_male",394,68
"2513450","Chester CDP, Massachusetts","pop_female",360,85
"2513450","Chester CDP, Massachusetts","pop_total",754,135
"2513660","Chicopee city, Massachusetts","pop_male",27690,788
"2513660","Chicopee city, Massachusetts","pop_female",28496,785
"2513660","Chicopee city, Massachusetts","pop_total",56186,31
"2514430","Clinton CDP, Massachusetts","pop_male",3650,326
"2514430","Clinton CDP, Massachusetts","pop_female",3736,376
"2514430","Clinton CDP, Massachusetts","pop_total",7386,537
"2514570","Cochituate CDP, Massachusetts","pop_male",3433,216
"2514570","Cochituate CDP, Massachusetts","pop_female",3460,215
"2514570","Cochituate CDP, Massachusetts","pop_total",6893,312
"2515340","Cordaville CDP, Massachusetts","pop_male",1304,180
"2515340","Cordaville CDP, Massachusetts","pop_female",1290,173
"2515340","Cordaville CDP, Massachusetts","pop_total",2594,288
"2516285","Danvers CDP, Massachusetts","pop_male",13394,408
"2516285","Danvers CDP, Massachusetts","pop_female",14006,401
"2516285","Danvers CDP, Massachusetts","pop_total",27400,48
"2516530","Dedham CDP, Massachusetts","pop_male",12263,374
"2516530","Dedham CDP, Massachusetts","pop_female",12961,372
"2516530","Dedham CDP, Massachusetts","pop_total",25224,28
"2516635","Deerfield CDP, Massachusetts","pop_male",394,167
"2516635","Deerfield CDP, Massachusetts","pop_female",506,219
"2516635","Deerfield CDP, Massachusetts","pop_total",900,296
"2516740","Dennis CDP, Massachusetts","pop_male",1217,190
"2516740","Dennis CDP, Massachusetts","pop_female",1334,215
"2516740","Dennis CDP, Massachusetts","pop_total",2551,385
"2516810","Dennis Port CDP, Massachusetts","pop_male",1324,252
"2516810","Dennis Port CDP, Massachusetts","pop_female",1564,271
"2516810","Dennis Port CDP, Massachusetts","pop_total",2888,416
"2516840","Devens CDP, Massachusetts","pop_male",1474,316
"2516840","Devens CDP, Massachusetts","pop_female",259,86
"2516840","Devens CDP, Massachusetts","pop_total",1733,356
"2517370","Dover CDP, Massachusetts","pop_male",1278,165
"2517370","Dover CDP, Massachusetts","pop_female",1163,170
"2517370","Dover CDP, Massachusetts","pop_total",2441,277
"2517860","Duxbury CDP, Massachusetts","pop_male",592,143
"2517860","Duxbury CDP, Massachusetts","pop_female",783,162
"2517860","Duxbury CDP, Massachusetts","pop_total",1375,256
"2518595","East Brookfield CDP, Massachusetts","pop_male",596,113
"2518595","East Brookfield CDP, Massachusetts","pop_female",573,90
"2518595","East Brookfield CDP, Massachusetts","pop_total",1169,151
"2518840","East Dennis CDP, Massachusetts","pop_male",1390,294
"2518840","East Dennis CDP, Massachusetts","pop_female",1459,190
"2518840","East Dennis CDP, Massachusetts","pop_total",2849,391
"2518875","East Douglas CDP, Massachusetts","pop_male",1479,345
"2518875","East Douglas CDP, Massachusetts","pop_female",1342,333
"2518875","East Douglas CDP, Massachusetts","pop_total",2821,530
"2518980","East Falmouth CDP, Massachusetts","pop_male",2987,350
"2518980","East Falmouth CDP, Massachusetts","pop_female",3104,343
"2518980","East Falmouth CDP, Massachusetts","pop_total",6091,618
"2519370","Easthampton Town city, Massachusetts","pop_male",7828,359
"2519370","Easthampton Town city, Massachusetts","pop_female",8232,359
"2519370","Easthampton Town city, Massachusetts","pop_total",16060,22
"2519400","East Harwich CDP, Massachusetts","pop_male",2098,253
"2519400","East Harwich CDP, Massachusetts","pop_female",2475,305
"2519400","East Harwich CDP, Massachusetts","pop_total",4573,446
"2520310","East Pepperell CDP, Massachusetts","pop_male",938,138
"2520310","East Pepperell CDP, Massachusetts","pop_female",1061,165
"2520310","East Pepperell CDP, Massachusetts","pop_total",1999,251
"2520380","East Sandwich CDP, Massachusetts","pop_male",1865,219
"2520380","East Sandwich CDP, Massachusetts","pop_female",1975,218
"2520380","East Sandwich CDP, Massachusetts","pop_total",3840,385
"2521115","Edgartown CDP, Massachusetts","pop_male",326,152
"2521115","Edgartown CDP, Massachusetts","pop_female",355,140
"2521115","Edgartown CDP, Massachusetts","pop_total",681,234
"2521815","Essex CDP, Massachusetts","pop_male",780,139
"2521815","Essex CDP, Massachusetts","pop_female",833,142
"2521815","Essex CDP, Massachusetts","pop_total",1613,239
"2521990","Everett city, Massachusetts","pop_male",21529,722
"2521990","Everett city, Massachusetts","pop_female",22356,722
"2521990","Everett city, Massachusetts","pop_total",43885,34
"2523000","Fall River city, Massachusetts","pop_male",41611,885
"2523000","Fall River city, Massachusetts","pop_female",47116,881
"2523000","Fall River city, Massachusetts","pop_total",88727,57
"2523070","Falmouth CDP, Massachusetts","pop_male",1510,239
"2523070","Falmouth CDP, Massachusetts","pop_female",1977,236
"2523070","Falmouth CDP, Massachusetts","pop_total",3487,386
"2523840","Fiskdale CDP, Massachusetts","pop_male",1090,216
"2523840","Fiskdale CDP, Massachusetts","pop_female",1271,267
"2523840","Fiskdale CDP, Massachusetts","pop_total",2361,383
"2523875","Fitchburg city, Massachusetts","pop_male",20332,483
"2523875","Fitchburg city, Massachusetts","pop_female",20130,490
"2523875","Fitchburg city, Massachusetts","pop_total",40462,33
"2524190","Forestdale CDP, Massachusetts","pop_male",2314,490
"2524190","Forestdale CDP, Massachusetts","pop_female",2129,312
"2524190","Forestdale CDP, Massachusetts","pop_total",4443,647
"2524855","Foxborough CDP, Massachusetts","pop_male",2668,356
"2524855","Foxborough CDP, Massachusetts","pop_female",2658,327
"2524855","Foxborough CDP, Massachusetts","pop_total",5326,593
"2524960","Framingham CDP, Massachusetts","pop_male",33292,798
"2524960","Framingham CDP, Massachusetts","pop_female",37151,802
"2524960","Framingham CDP, Massachusetts","pop_total",70443,37
"2525172","Franklin Town city, Massachusetts","pop_male",15922,422
"2525172","Franklin Town city, Massachusetts","pop_female",16809,419
"2525172","Franklin Town city, Massachusetts","pop_total",32731,32
"2525485","Gardner city, Massachusetts","pop_male",10221,359
"2525485","Gardner city, Massachusetts","pop_female",10085,355
"2525485","Gardner city, Massachusetts","pop_total",20306,39
"2526150","Gloucester city, Massachusetts","pop_male",13727,343
"2526150","Gloucester city, Massachusetts","pop_female",15672,342
"2526150","Gloucester city, Massachusetts","pop_total",29399,24
"2526500","Granby CDP, Massachusetts","pop_male",660,196
"2526500","Granby CDP, Massachusetts","pop_female",771,200
"2526500","Granby CDP, Massachusetts","pop_total",1431,352
"2526780","Great Barrington CDP, Massachusetts","pop_male",1201,286
"2526780","Great Barrington CDP, Massachusetts","pop_female",1143,216
"2526780","Great Barrington CDP, Massachusetts","pop_total",2344,388
"2527100","Greenfield Town city, Massachusetts","pop_male",8641,233
"2527100","Greenfield Town city, Massachusetts","pop_female",8873,232
"2527100","Greenfield Town city, Massachusetts","pop_total",17514,27
"2527147","Green Harbor-Cedar Crest CDP, Massachusetts","pop_male",1290,243
"2527147","Green Harbor-Cedar Crest CDP, Massachusetts","pop_female",1583,249
"2527147","Green Harbor-Cedar Crest CDP, Massachusetts","pop_total",2873,429
"2527445","Groton CDP, Massachusetts","pop_male",509,191
"2527445","Groton CDP, Massachusetts","pop_female",572,158
"2527445","Groton CDP, Massachusetts","pop_total",1081,293
"2528425","Hanscom AFB CDP, Massachusetts","pop_male",1008,154
"2528425","Hanscom AFB CDP, Massachusetts","pop_female",1066,125
"2528425","Hanscom AFB CDP, Massachusetts","pop_total",2074,188
"2528460","Hanson CDP, Massachusetts","pop_male",1008,186
"2528460","Hanson CDP, Massachusetts","pop_female",764,129
"2528460","Hanson CDP, Massachusetts","pop_total",1772,283
"2529055","Harwich Center CDP, Massachusetts","pop_male",844,226
"2529055","Harwich Center CDP, Massachusetts","pop_female",861,191
"2529055","Harwich Center CDP, Massachusetts","pop_total",1705,336
"2529090","Harwich Port CDP, Massachusetts","pop_male",772,163
"2529090","Harwich Port CDP, Massachusetts","pop_female",1197,274
"2529090","Harwich Port CDP, Massachusetts","pop_total",1969,346
"2529230","Hatfield CDP, Massachusetts","pop_male",727,125
"2529230","Hatfield CDP, Massachusetts","pop_female",779,123
"2529230","Hatfield CDP, Massachusetts","pop_total",1506,189
"2529405","Haverhill city, Massachusetts","pop_male",30089,677
"2529405","Haverhill city, Massachusetts","pop_female",31990,681
"2529405","Haverhill city, Massachusetts","pop_total",62079,36
"2530175","Hingham CDP, Massachusetts","pop_male",2468,273
"2530175","Hingham CDP, Massachusetts","pop_female",2948,394
"2530175","Hingham CDP, Massachusetts","pop_total",5416,584
"2530420","Holbrook CDP, Massachusetts","pop_male",5562,255
"2530420","Holbrook CDP, Massachusetts","pop_female",5413,254
"2530420","Holbrook CDP, Massachusetts","pop_total",10975,24
"2530630","Holland CDP, Massachusetts","pop_male",761,102
"2530630","Holland CDP, Massachusetts","pop_female",672,101
"2530630","Holland CDP, Massachusetts","pop_total",1433,171
"2530840","Holyoke city, Massachusetts","pop_male",19574,491
"2530840","Holyoke city, Massachusetts","pop_female",20768,488
"2530840","Holyoke city, Massachusetts","pop_total",40342,67
"2530980","Hopedale CDP, Massachusetts","pop_male",1928,248
"2530980","Hopedale CDP, Massachusetts","pop_female",1947,228
"2530980","Hopedale CDP, Massachusetts","pop_total",3875,361
"2531050","Hopkinton CDP, Massachusetts","pop_male",1208,232
"2531050","Hopkinton CDP, Massachusetts","pop_female",1448,240
"2531050","Hopkinton CDP, Massachusetts","pop_total",2656,394
"2531295","Housatonic CDP, Massachusetts","pop_male",424,198
"2531295","Housatonic CDP, Massachusetts","pop_female",430,188
"2531295","Housatonic CDP, Massachusetts","pop_total",854,332
"2531575","Hudson CDP, Massachusetts","pop_male",7536,360
"2531575","Hudson CDP, Massachusetts","pop_female",7804,342
"2531575","Hudson CDP, Massachusetts","pop_total",15340,343
"2531680","Hull CDP, Massachusetts","pop_male",4822,201
"2531680","Hull CDP, Massachusetts","pop_female",5581,200
"2531680","Hull CDP, Massachusetts","pop_total",10403,25
"2531750","Huntington CDP, Massachusetts","pop_male",331,76
"2531750","Huntington CDP, Massachusetts","pop_female",348,82
"2531750","Huntington CDP, Massachusetts","pop_total",679,132
"2532275","Ipswich CDP, Massachusetts","pop_male",2154,204
"2532275","Ipswich CDP, Massachusetts","pop_female",2081,226
"2532275","Ipswich CDP, Massachusetts","pop_total",4235,330
"2533185","Kingston CDP, Massachusetts","pop_male",2872,339
"2533185","Kingston CDP, Massachusetts","pop_female",3339,397
"2533185","Kingston CDP, Massachusetts","pop_total",6211,523
"2534550","Lawrence city, Massachusetts","pop_male",37557,726
"2534550","Lawrence city, Massachusetts","pop_female",41247,728
"2534550","Lawrence city, Massachusetts","pop_total",78804,63
"2534620","Lee CDP, Massachusetts","pop_male",798,219
"2534620","Lee CDP, Massachusetts","pop_female",975,218
"2534620","Lee CDP, Massachusetts","pop_total",1773,366
"2534935","Lenox CDP, Massachusetts","pop_male",785,179
"2534935","Lenox CDP, Massachusetts","pop_female",814,186
"2534935","Lenox CDP, Massachusetts","pop_total",1599,279
"2535075","Leominster city, Massachusetts","pop_male",19568,587
"2535075","Leominster city, Massachusetts","pop_female",21608,591
"2535075","Leominster city, Massachusetts","pop_total",41176,36
"2535250","Lexington CDP, Massachusetts","pop_male",15797,453
"2535250","Lexington CDP, Massachusetts","pop_female",16903,454
"2535250","Lexington CDP, Massachusetts","pop_total",32700,35
"2536020","Littleton Common CDP, Massachusetts","pop_male",1402,200
"2536020","Littleton Common CDP, Massachusetts","pop_female",1299,154
"2536020","Littleton Common CDP, Massachusetts","pop_total",2701,275
"2536335","Longmeadow CDP, Massachusetts","pop_male",7352,278
"2536335","Longmeadow CDP, Massachusetts","pop_female",8525,281
"2536335","Longmeadow CDP, Massachusetts","pop_total",15877,43
"2537000","Lowell city, Massachusetts","pop_male",54026,968
"2537000","Lowell city, Massachusetts","pop_female",55323,968
"2537000","Lowell city, Massachusetts","pop_total",109349,50
"2537385","Lunenburg CDP, Massachusetts","pop_male",762,187
"2537385","Lunenburg CDP, Massachusetts","pop_female",1036,284
"2537385","Lunenburg CDP, Massachusetts","pop_total",1798,413
"2537490","Lynn city, Massachusetts","pop_male",44091,773
"2537490","Lynn city, Massachusetts","pop_female",47535,778
"2537490","Lynn city, Massachusetts","pop_total",91626,58
"2537595","Lynnfield CDP, Massachusetts","pop_male",6086,333
"2537595","Lynnfield CDP, Massachusetts","pop_female",6184,330
"2537595","Lynnfield CDP, Massachusetts","pop_total",12270,25
"2537735","Madaket CDP, Massachusetts","pop_male",143,47
"2537735","Madaket CDP, Massachusetts","pop_female",153,65
"2537735","Madaket CDP, Massachusetts","pop_total",296,102
"2537875","Malden city, Massachusetts","pop_male",29321,642
"2537875","Malden city, Massachusetts","pop_female",31291,648
"2537875","Malden city, Massachusetts","pop_total",60612,37
"2538230","Mansfield Center CDP, Massachusetts","pop_male",3639,421
"2538230","Mansfield Center CDP, Massachusetts","pop_female",4167,388
"2538230","Mansfield Center CDP, Massachusetts","pop_total",7806,592
"2538435","Marblehead CDP, Massachusetts","pop_male",9719,243
"2538435","Marblehead CDP, Massachusetts","pop_female",10551,250
"2538435","Marblehead CDP, Massachusetts","pop_total",20270,46
"2538575","Marion Center CDP, Massachusetts","pop_male",615,190
"2538575","Marion Center CDP, Massachusetts","pop_female",773,188
"2538575","Marion Center CDP, Massachusetts","pop_total",1388,293
"2538715","Marlborough city, Massachusetts","pop_male",19660,723
"2538715","Marlborough city, Massachusetts","pop_female",19765,724
"2538715","Marlborough city, Massachusetts","pop_total",39425,35
"2538820","Marshfield CDP, Massachusetts","pop_male",2049,333
"2538820","Marshfield CDP, Massachusetts","pop_female",2313,334
"2538820","Marshfield CDP, Massachusetts","pop_total",4362,569
"2538960","Marshfield Hills CDP, Massachusetts","pop_male",1046,215
"2538960","Marshfield Hills CDP, Massachusetts","pop_female",1231,327
"2538960","Marshfield Hills CDP, Massachusetts","pop_total",2277,487
"2539152","Mashpee Neck CDP, Massachusetts","pop_male",358,120
"2539152","Mashpee Neck CDP, Massachusetts","pop_female",416,114
"2539152","Mashpee Neck CDP, Massachusetts","pop_total",774,213
"2539485","Mattapoisett Center CDP, Massachusetts","pop_male",1555,262
"2539485","Mattapoisett Center CDP, Massachusetts","pop_female",1874,353
"2539485","Mattapoisett Center CDP, Massachusetts","pop_total",3429,477
"2539660","Maynard CDP, Massachusetts","pop_male",5548,287
"2539660","Maynard CDP, Massachusetts","pop_female",4911,291
"2539660","Maynard CDP, Massachusetts","pop_total",10459,34
"2539730","Medfield CDP, Massachusetts","pop_male",3196,303
"2539730","Medfield CDP, Massachusetts","pop_female",3126,306
"2539730","Medfield CDP, Massachusetts","pop_total",6322,519
"2539835","Medford city, Massachusetts","pop_male",26907,747
"2539835","Medford city, Massachusetts","pop_female",30229,747
"2539835","Medford city, Massachusetts","pop_total",57136,35
"2540115","Melrose city, Massachusetts","pop_male",13492,422
"2540115","Melrose city, Massachusetts","pop_female",14189,422
"2540115","Melrose city, Massachusetts","pop_total",27681,30
"2540710","Methuen Town city, Massachusetts","pop_male",24142,583
"2540710","Methuen Town city, Massachusetts","pop_female",24465,584
"2540710","Methuen Town city, Massachusetts","pop_total",48607,67
"2540885","Middleborough Center CDP, Massachusetts","pop_male",3762,378
"2540885","Middleborough Center CDP, Massachusetts","pop_female",3495,327
"2540885","Middleborough Center CDP, Massachusetts","pop_total",7257,498
"2541200","Milford CDP, Massachusetts","pop_male",12516,485
"2541200","Milford CDP, Massachusetts","pop_female",13213,549
"2541200","Milford CDP, Massachusetts","pop_total",25729,316
"2541410","Millers Falls CDP, Massachusetts","pop_male",478,146
"2541410","Millers Falls CDP, Massachusetts","pop_female",496,112
"2541410","Millers Falls CDP, Massachusetts","pop_total",974,230
"2541532","Millis-Clicquot CDP, Massachusetts","pop_male",1903,267
"2541532","Millis-Clicquot CDP, Massachusetts","pop_female",2186,273
"2541532","Millis-Clicquot CDP, Massachusetts","pop_total",4089,411
"2541725","Milton CDP, Massachusetts","pop_male",12994,432
"2541725","Milton CDP, Massachusetts","pop_female",14309,432
"2541725","Milton CDP, Massachusetts","pop_total",27303,28
"2541960","Monomoscoy Island CDP, Massachusetts","pop_male",96,71
"2541960","Monomoscoy Island CDP, Massachusetts","pop_female",73,42
"2541960","Monomoscoy Island CDP, Massachusetts","pop_total",169,101
"2542180","Monson Center CDP, Massachusetts","pop_male",837,173
"2542180","Monson Center CDP, Massachusetts","pop_female",840,173
"2542180","Monson Center CDP, Massachusetts","pop_total",1677,298
"2542670","Monument Beach CDP, Massachusetts","pop_male",1370,275
"2542670","Monument Beach CDP, Massachusetts","pop_female",1533,341
"2542670","Monument Beach CDP, Massachusetts","pop_total",2903,524
"2543615","Nahant CDP, Massachusetts","pop_male",1487,131
"2543615","Nahant CDP, Massachusetts","pop_female",1967,130
"2543615","Nahant CDP, Massachusetts","pop_total",3454,22
"2543755","Nantucket CDP, Massachusetts","pop_male",3986,285
"2543755","Nantucket CDP, Massachusetts","pop_female",3489,241
"2543755","Nantucket CDP, Massachusetts","pop_total",7475,392
"2544140","Needham CDP, Massachusetts","pop_male",14529,383
"2544140","Needham CDP, Massachusetts","pop_female",15324,381
"2544140","Needham CDP, Massachusetts","pop_total",29853,36
"2545000","New Bedford city, Massachusetts","pop_male",44703,685
"2545000","New Bedford city, Massachusetts","pop_female",50206,689
"2545000","New Bedford city, Massachusetts","pop_total",94909,52
"2545245","Newburyport city, Massachusetts","pop_male",8392,369
"2545245","Newburyport city, Massachusetts","pop_female",9374,367
"2545245","Newburyport city, Massachusetts","pop_total",17766,24
"2545500","New Seabury CDP, Massachusetts","pop_male",422,107
"2545500","New Seabury CDP, Massachusetts","pop_female",445,112
"2545500","New Seabury CDP, Massachusetts","pop_total",867,176
"2545560","Newton city, Massachusetts","pop_male",41564,686
"2545560","Newton city, Massachusetts","pop_female",46111,685
"2545560","Newton city, Massachusetts","pop_total",87675,42
"2546225","North Adams city, Massachusetts","pop_male",6347,338
"2546225","North Adams city, Massachusetts","pop_female",7112,337
"2546225","North Adams city, Massachusetts","pop_total",13459,28
"2546295","North Amherst CDP, Massachusetts","pop_male",4072,543
"2546295","North Amherst CDP, Massachusetts","pop_female",3428,457
"2546295","North Amherst CDP, Massachusetts","pop_total",7500,673
"2546330","Northampton city, Massachusetts","pop_male",12709,410
"2546330","Northampton city, Massachusetts","pop_female",15893,412
"2546330","Northampton city, Massachusetts","pop_total",28602,23
"2546785","Northborough CDP, Massachusetts","pop_male",3202,292
"2546785","Northborough CDP, Massachusetts","pop_female",3326,378
"2546785","Northborough CDP, Massachusetts","pop_total",6528,506
"2547100","North Brookfield CDP, Massachusetts","pop_male",981,197
"2547100","North Brookfield CDP, Massachusetts","pop_female",1151,188
"2547100","North Brookfield CDP, Massachusetts","pop_total",2132,347
"2547590","North Eastham CDP, Massachusetts","pop_male",848,180
"2547590","North Eastham CDP, Massachusetts","pop_female",973,193
"2547590","North Eastham CDP, Massachusetts","pop_total",1821,329
"2547730","North Falmouth CDP, Massachusetts","pop_male",1137,206
"2547730","North Falmouth CDP, Massachusetts","pop_female",1663,268
"2547730","North Falmouth CDP, Massachusetts","pop_total",2800,398
"2547800","Northfield CDP, Massachusetts","pop_male",541,112
"2547800","Northfield CDP, Massachusetts","pop_female",629,106
"2547800","Northfield CDP, Massachusetts","pop_total",1170,172
"2548220","North Lakeville CDP, Massachusetts","pop_male",1125,166
"2548220","North Lakeville CDP, Massachusetts","pop_female",1339,226
"2548220","North Lakeville CDP, Massachusetts","pop_total",2464,298
"2548710","North Pembroke CDP, Massachusetts","pop_male",1529,242
"2548710","North Pembroke CDP, Massachusetts","pop_female",1728,308
"2548710","North Pembroke CDP, Massachusetts","pop_total",3257,469
"2548780","North Plymouth CDP, Massachusetts","pop_male",1827,271
"2548780","North Plymouth CDP, Massachusetts","pop_female",1976,188
"2548780","North Plymouth CDP, Massachusetts","pop_total",3803,342
"2549165","North Scituate CDP, Massachusetts","pop_male",2502,281
"2549165","North Scituate CDP, Massachusetts","pop_female",2575,248
"2549165","North Scituate CDP, Massachusetts","pop_total",5077,437
"2549200","North Seekonk CDP, Massachusetts","pop_male",1239,235
"2549200","North Seekonk CDP, Massachusetts","pop_female",1464,260
"2549200","North Seekonk CDP, Massachusetts","pop_total",2703,432
"2549700","Northwest Harwich CDP, Massachusetts","pop_male",1869,241
"2549700","Northwest Harwich CDP, Massachusetts","pop_female",2081,231
"2549700","Northwest Harwich CDP, Massachusetts","pop_total",3950,377
"2549710","North Westport CDP, Massachusetts","pop_male",2412,375
"2549710","North Westport CDP, Massachusetts","pop_female",2173,217
"2549710","North Westport CDP, Massachusetts","pop_total",4585,491
"2550005","Norton Center CDP, Massachusetts","pop_male",1375,253
"2550005","Norton Center CDP, Massachusetts","pop_female",1493,195
"2550005","Norton Center CDP, Massachusetts","pop_total",2868,354
"2550285","Norwood CDP, Massachusetts","pop_male",14015,458
"2550285","Norwood CDP, Massachusetts","pop_female",14947,458
"2550285","Norwood CDP, Massachusetts","pop_total",28962,27
"2550862","Ocean Bluff-Brant Rock CDP, Massachusetts","pop_male",2608,285
"2550862","Ocean Bluff-Brant Rock CDP, Massachusetts","pop_female",2812,277
"2550862","Ocean Bluff-Brant Rock CDP, Massachusetts","pop_total",5420,449
"2550880","Ocean Grove CDP, Massachusetts","pop_male",1248,268
"2550880","Ocean Grove CDP, Massachusetts","pop_female",1419,302
"2550880","Ocean Grove CDP, Massachusetts","pop_total",2667,472
"2551160","Onset CDP, Massachusetts","pop_male",473,208
"2551160","Onset CDP, Massachusetts","pop_female",589,276
"2551160","Onset CDP, Massachusetts","pop_total",1062,442
"2551230","Orange CDP, Massachusetts","pop_male",2011,185
"2551230","Orange CDP, Massachusetts","pop_female",2149,206
"2551230","Orange CDP, Massachusetts","pop_total",4160,211
"2551405","Orleans CDP, Massachusetts","pop_male",806,165
"2551405","Orleans CDP, Massachusetts","pop_female",863,161
"2551405","Orleans CDP, Massachusetts","pop_total",1669,250
"2551790","Oxford CDP, Massachusetts","pop_male",2859,291
"2551790","Oxford CDP, Massachusetts","pop_female",3249,345
"2551790","Oxford CDP, Massachusetts","pop_total",6108,454
"2552144","Palmer Town city, Massachusetts","pop_male",5889,324
"2552144","Palmer Town city, Massachusetts","pop_female",6279,327
"2552144","Palmer Town city, Massachusetts","pop_total",12168,19
"2552490","Peabody city, Massachusetts","pop_male",24799,638
"2552490","Peabody city, Massachusetts","pop_female",27266,637
"2552490","Peabody city, Massachusetts","pop_total",52065,28
"2552770","Pepperell CDP, Massachusetts","pop_male",1073,162
"2552770","Pepperell CDP, Massachusetts","pop_female",1172,152
"2552770","Pepperell CDP, Massachusetts","pop_total",2245,261
"2553085","Petersham CDP, Massachusetts","pop_male",114,29
"2553085","Petersham CDP, Massachusetts","pop_female",138,30
"2553085","Petersham CDP, Massachusetts","pop_total",252,51
"2553680","Pinehurst CDP, Massachusetts","pop_male",3803,258
"2553680","Pinehurst CDP, Massachusetts","pop_female",3638,269
"2553680","Pinehurst CDP, Massachusetts","pop_total",7441,400
"2553960","Pittsfield city, Massachusetts","pop_male",21065,440
"2553960","Pittsfield city, Massachusetts","pop_female",22861,435
"2553960","Pittsfield city, Massachusetts","pop_total",43926,31
"2554275","Plymouth CDP, Massachusetts","pop_male",3654,520
"2554275","Plymouth CDP, Massachusetts","pop_female",3878,360
"2554275","Plymouth CDP, Massachusetts","pop_total",7532,712
"2554450","Pocasset CDP, Massachusetts","pop_male",1435,266
"2554450","Pocasset CDP, Massachusetts","pop_female",1610,240
"2554450","Pocasset CDP, Massachusetts","pop_total",3045,430
"2555070","Popponesset CDP, Massachusetts","pop_male",103,68
"2555070","Popponesset CDP, Massachusetts","pop_female",105,45
"2555070","Popponesset CDP, Massachusetts","pop_total",208,95
"2555090","Popponesset Island CDP, Massachusetts","pop_male",17,19
"2555090","Popponesset Island CDP, Massachusetts","pop_female",9,15
"2555090","Popponesset Island CDP, Massachusetts","pop_total",26,30
"2555535","Provincetown CDP, Massachusetts","pop_male",1434,150
"2555535","Provincetown CDP, Massachusetts","pop_female",1310,149
"2555535","Provincetown CDP, Massachusetts","pop_total",2744,88
"2555745","Quincy city, Massachusetts","pop_male",45512,917
"2555745","Quincy city, Massachusetts","pop_female",47665,919
"2555745","Quincy city, Massachusetts","pop_total",93177,87
"2555990","Randolph CDP, Massachusetts","pop_male",15588,555
"2555990","Randolph CDP, Massachusetts","pop_female",17821,559
"2555990","Randolph CDP, Massachusetts","pop_total",33409,49
"2556095","Raynham Center CDP, Massachusetts","pop_male",2297,331
"2556095","Raynham Center CDP, Massachusetts","pop_female",2237,337
"2556095","Raynham Center CDP, Massachusetts","pop_total",4534,524
"2556165","Reading CDP, Massachusetts","pop_male",12541,423
"2556165","Reading CDP, Massachusetts","pop_female",12816,423
"2556165","Reading CDP, Massachusetts","pop_total",25357,26
"2556585","Revere city, Massachusetts","pop_male",27546,685
"2556585","Revere city, Massachusetts","pop_female",25549,691
"2556585","Revere city, Massachusetts","pop_total",53095,44
"2557845","Rockport CDP, Massachusetts","pop_male",2080,172
"2557845","Rockport CDP, Massachusetts","pop_female",2766,203
"2557845","Rockport CDP, Massachusetts","pop_total",4846,275
"2558370","Rowley CDP, Massachusetts","pop_male",636,115
"2558370","Rowley CDP, Massachusetts","pop_female",875,216
"2558370","Rowley CDP, Massachusetts","pop_total",1511,294
"2558615","Russell CDP, Massachusetts","pop_male",224,53
"2558615","Russell CDP, Massachusetts","pop_female",261,64
"2558615","Russell CDP, Massachusetts","pop_total",485,102
"2558790","Rutland CDP, Massachusetts","pop_male",1408,266
"2558790","Rutland CDP, Massachusetts","pop_female",1025,166
"2558790","Rutland CDP, Massachusetts","pop_total",2433,340
"2558965","Sagamore CDP, Massachusetts","pop_male",2005,225
"2558965","Sagamore CDP, Massachusetts","pop_female",1655,223
"2558965","Sagamore CDP, Massachusetts","pop_total",3660,368
"2559105","Salem city, Massachusetts","pop_male",19778,633
"2559105","Salem city, Massachusetts","pop_female",22721,633
"2559105","Salem city, Massachusetts","pop_total",42499,31
"2559210","Salisbury CDP, Massachusetts","pop_male",2216,200
"2559210","Salisbury CDP, Massachusetts","pop_female",2379,206
"2559210","Salisbury CDP, Massachusetts","pop_total",4595,298
"2559700","Sandwich CDP, Massachusetts","pop_male",1384,166
"2559700","Sandwich CDP, Massachusetts","pop_female",1604,144
"2559700","Sandwich CDP, Massachusetts","pop_total",2988,257
"2560050","Saugus CDP, Massachusetts","pop_male",12658,430
"2560050","Saugus CDP, Massachusetts","pop_female",14962,430
"2560050","Saugus CDP, Massachusetts","pop_total",27620,60
"2560295","Scituate CDP, Massachusetts","pop_male",2562,311
"2560295","Scituate CDP, Massachusetts","pop_female",2793,263
"2560295","Scituate CDP, Massachusetts","pop_total",5355,416
"2560505","Seabrook CDP, Massachusetts","pop_male",261,143
"2560505","Seabrook CDP, Massachusetts","pop_female",200,85
"2560505","Seabrook CDP, Massachusetts","pop_total",461,179
"2560627","Seconsett Island CDP, Massachusetts","pop_male",8,12
"2560627","Seconsett Island CDP, Massachusetts","pop_female",15,16
"2560627","Seconsett Island CDP, Massachusetts","pop_total",23,27
"2560820","Sharon CDP, Massachusetts","pop_male",2798,262
"2560820","Sharon CDP, Massachusetts","pop_female",3134,297
"2560820","Sharon CDP, Massachusetts","pop_total",5932,496
"2561205","Shelburne Falls CDP, Massachusetts","pop_male",735,111
"2561205","Shelburne Falls CDP, Massachusetts","pop_female",939,123
"2561205","Shelburne Falls CDP, Massachusetts","pop_total",1674,199
"2561555","Shirley CDP, Massachusetts","pop_male",562,222
"2561555","Shirley CDP, Massachusetts","pop_female",721,276
"2561555","Shirley CDP, Massachusetts","pop_total",1283,434
"2561940","Siasconset CDP, Massachusetts","pop_male",81,69
"2561940","Siasconset CDP, Massachusetts","pop_female",122,69
"2561940","Siasconset CDP, Massachusetts","pop_total",203,128
"2562300","Smith Mills CDP, Massachusetts","pop_male",1919,291
"2562300","Smith Mills CDP, Massachusetts","pop_female",2615,308
"2562300","Smith Mills CDP, Massachusetts","pop_total",4534,460
"2562465","Somerset CDP, Massachusetts","pop_male",9155,277
"2562465","Somerset CDP, Massachusetts","pop_female",9116,279
"2562465","Somerset CDP, Massachusetts","pop_total",18271,46
"2562535","Somerville city, Massachusetts","pop_male",39170,963
"2562535","Somerville city, Massachusetts","pop_female",39425,969
"2562535","Somerville city, Massachusetts","pop_total",78595,43
"2562675","South Amherst CDP, Massachusetts","pop_male",2607,407
"2562675","South Amherst CDP, Massachusetts","pop_female",2464,381
"2562675","South Amherst CDP, Massachusetts","pop_total",5071,524
"2562780","South Ashburnham CDP, Massachusetts","pop_male",503,231
"2562780","South Ashburnham CDP, Massachusetts","pop_female",405,154
"2562780","South Ashburnham CDP, Massachusetts","pop_total",908,345
"2563345","Southbridge Town city, Massachusetts","pop_male",8119,355
"2563345","Southbridge Town city, Massachusetts","pop_female",8683,358
"2563345","Southbridge Town city, Massachusetts","pop_total",16802,31
"2563620","South Deerfield CDP, Massachusetts","pop_male",774,140
"2563620","South Deerfield CDP, Massachusetts","pop_female",941,148
"2563620","South Deerfield CDP, Massachusetts","pop_total",1715,256
"2563655","South Dennis CDP, Massachusetts","pop_male",1430,207
"2563655","South Dennis CDP, Massachusetts","pop_female",1998,271
"2563655","South Dennis CDP, Massachusetts","pop_total",3428,414
"2563690","South Duxbury CDP, Massachusetts","pop_male",1787,172
"2563690","South Duxbury CDP, Massachusetts","pop_female",1807,170
"2563690","South Duxbury CDP, Massachusetts","pop_total",3594,281
"2563840","Southfield CDP, Massachusetts","pop_male",0,12
"2563840","Southfield CDP, Massachusetts","pop_female",0,12
"2563840","Southfield CDP, Massachusetts","pop_total",0,12
"2564460","South Lancaster CDP, Massachusetts","pop_male",797,250
"2564460","South Lancaster CDP, Massachusetts","pop_female",1065,281
"2564460","South Lancaster CDP, Massachusetts","pop_total",1862,400
"2566035","South Yarmouth CDP, Massachusetts","pop_male",5134,433
"2566035","South Yarmouth CDP, Massachusetts","pop_female",6398,419
"2566035","South Yarmouth CDP, Massachusetts","pop_total",11532,604
"2566070","Spencer CDP, Massachusetts","pop_male",2883,275
"2566070","Spencer CDP, Massachusetts","pop_female",2695,385
"2566070","Spencer CDP, Massachusetts","pop_total",5578,393
"2567000","Springfield city, Massachusetts","pop_male",73075,818
"2567000","Springfield city, Massachusetts","pop_female",80872,810
"2567000","Springfield city, Massachusetts","pop_total",153947,111
"2567700","Stoneham CDP, Massachusetts","pop_male",10170,353
"2567700","Stoneham CDP, Massachusetts","pop_female",11582,349
"2567700","Stoneham CDP, Massachusetts","pop_total",21752,33
"2568120","Sturbridge CDP, Massachusetts","pop_male",1107,249
"2568120","Sturbridge CDP, Massachusetts","pop_female",1408,338
"2568120","Sturbridge CDP, Massachusetts","pop_total",2515,542
"2568680","Swampscott CDP, Massachusetts","pop_male",6497,271
"2568680","Swampscott CDP, Massachusetts","pop_female",7539,272
"2568680","Swampscott CDP, Massachusetts","pop_total",14036,19
"2569170","Taunton city, Massachusetts","pop_male",27153,562
"2569170","Taunton city, Massachusetts","pop_female",29123,559
"2569170","Taunton city, Massachusetts","pop_total",56276,33
"2569205","Teaticket CDP, Massachusetts","pop_male",653,108
"2569205","Teaticket CDP, Massachusetts","pop_female",787,128
"2569205","Teaticket CDP, Massachusetts","pop_total",1440,207
"2569585","The Pinehills CDP, Massachusetts","pop_male",449,79
"2569585","The Pinehills CDP, Massachusetts","pop_female",584,80
"2569585","The Pinehills CDP, Massachusetts","pop_total",1033,138
"2570115","Topsfield CDP, Massachusetts","pop_male",1407,214
"2570115","Topsfield CDP, Massachusetts","pop_female",1622,183
"2570115","Topsfield CDP, Massachusetts","pop_total",3029,338
"2570325","Townsend CDP, Massachusetts","pop_male",502,148
"2570325","Townsend CDP, Massachusetts","pop_female",792,176
"2570325","Townsend CDP, Massachusetts","pop_total",1294,308
"2570815","Turners Falls CDP, Massachusetts","pop_male",1940,201
"2570815","Turners Falls CDP, Massachusetts","pop_female",2416,224
"2570815","Turners Falls CDP, Massachusetts","pop_total",4356,305
"2571445","Upton CDP, Massachusetts","pop_male",1600,250
"2571445","Upton CDP, Massachusetts","pop_female",1428,264
"2571445","Upton CDP, Massachusetts","pop_total",3028,449
"2571970","Vineyard Haven CDP, Massachusetts","pop_male",1234,243
"2571970","Vineyard Haven CDP, Massachusetts","pop_female",989,196
"2571970","Vineyard Haven CDP, Massachusetts","pop_total",2223,344
"2572250","Wakefield CDP, Massachusetts","pop_male",12587,409
"2572250","Wakefield CDP, Massachusetts","pop_female",13570,410
"2572250","Wakefield CDP, Massachusetts","pop_total",26157,34
"2572460","Walpole CDP, Massachusetts","pop_male",2892,370
"2572460","Walpole CDP, Massachusetts","pop_female",2989,360
"2572460","Walpole CDP, Massachusetts","pop_total",5881,570
"2572600","Waltham city, Massachusetts","pop_male",30368,740
"2572600","Waltham city, Massachusetts","pop_female",32070,748
"2572600","Waltham city, Massachusetts","pop_total",62438,67
"2572845","Ware CDP, Massachusetts","pop_male",2765,331
"2572845","Ware CDP, Massachusetts","pop_female",3007,327
"2572845","Ware CDP, Massachusetts","pop_total",5772,505
"2573020","Wareham Center CDP, Massachusetts","pop_male",1591,366
"2573020","Wareham Center CDP, Massachusetts","pop_female",1915,356
"2573020","Wareham Center CDP, Massachusetts","pop_total",3506,610
"2573055","Warren CDP, Massachusetts","pop_male",633,255
"2573055","Warren CDP, Massachusetts","pop_female",638,232
"2573055","Warren CDP, Massachusetts","pop_total",1271,423
"2573440","Watertown Town city, Massachusetts","pop_male",15936,560
"2573440","Watertown Town city, Massachusetts","pop_female",17414,558
"2573440","Watertown Town city, Massachusetts","pop_total",33350,36
"2573930","Webster CDP, Massachusetts","pop_male",5502,322
"2573930","Webster CDP, Massachusetts","pop_female",7020,470
"2573930","Webster CDP, Massachusetts","pop_total",12522,507
"2574210","Wellesley CDP, Massachusetts","pop_male",12650,400
"2574210","Wellesley CDP, Massachusetts","pop_female",16182,396
"2574210","Wellesley CDP, Massachusetts","pop_total",28832,26
"2575050","Westborough CDP, Massachusetts","pop_male",1977,192
"2575050","Westborough CDP, Massachusetts","pop_female",2181,182
"2575050","Westborough CDP, Massachusetts","pop_total",4158,273
"2575365","West Brookfield CDP, Massachusetts","pop_male",575,144
"2575365","West Brookfield CDP, Massachusetts","pop_female",758,170
"2575365","West Brookfield CDP, Massachusetts","pop_total",1333,271
"2575505","West Chatham CDP, Massachusetts","pop_male",741,167
"2575505","West Chatham CDP, Massachusetts","pop_female",596,121
"2575505","West Chatham CDP, Massachusetts","pop_total",1337,251
"2575680","West Concord CDP, Massachusetts","pop_male",4084,392
"2575680","West Concord CDP, Massachusetts","pop_female",3236,276
"2575680","West Concord CDP, Massachusetts","pop_total",7320,432
"2575820","West Dennis CDP, Massachusetts","pop_male",1164,165
"2575820","West Dennis CDP, Massachusetts","pop_female",1183,168
"2575820","West Dennis CDP, Massachusetts","pop_total",2347,304
"2575960","West Falmouth CDP, Massachusetts","pop_male",1139,349
"2575960","West Falmouth CDP, Massachusetts","pop_female",879,235
"2575960","West Falmouth CDP, Massachusetts","pop_total",2018,541
"2576030","Westfield city, Massachusetts","pop_male",20181,543
"2576030","Westfield city, Massachusetts","pop_female",21299,543
"2576030","Westfield city, Massachusetts","pop_total",41480,22
"2577890","West Springfield Town city, Massachusetts","pop_male",13773,538
"2577890","West Springfield Town city, Massachusetts","pop_female",14827,532
"2577890","West Springfield Town city, Massachusetts","pop_total",28600,28
"2578410","West Wareham CDP, Massachusetts","pop_male",1425,387
"2578410","West Wareham CDP, Massachusetts","pop_female",1425,303
"2578410","West Wareham CDP, Massachusetts","pop_total",2850,577
"2578795","West Yarmouth CDP, Massachusetts","pop_male",2605,336
"2578795","West Yarmouth CDP, Massachusetts","pop_female",3034,354
"2578795","West Yarmouth CDP, Massachusetts","pop_total",5639,507
"2578850","Weweantic CDP, Massachusetts","pop_male",879,293
"2578850","Weweantic CDP, Massachusetts","pop_female",1059,312
"2578850","Weweantic CDP, Massachusetts","pop_total",1938,561
"2578972","Weymouth Town city, Massachusetts","pop_male",26155,701
"2578972","Weymouth Town city, Massachusetts","pop_female",29149,701
"2578972","Weymouth Town city, Massachusetts","pop_total",55304,64
"2579390","White Island Shores CDP, Massachusetts","pop_male",888,292
"2579390","White Island Shores CDP, Massachusetts","pop_female",748,287
"2579390","White Island Shores CDP, Massachusetts","pop_total",1636,505
"2579495","Whitinsville CDP, Massachusetts","pop_male",3222,318
"2579495","Whitinsville CDP, Massachusetts","pop_female",3468,352
"2579495","Whitinsville CDP, Massachusetts","pop_total",6690,406
"2579705","Wilbraham CDP, Massachusetts","pop_male",2007,323
"2579705","Wilbraham CDP, Massachusetts","pop_female",1885,244
"2579705","Wilbraham CDP, Massachusetts","pop_total",3892,485
"2579950","Williamstown CDP, Massachusetts","pop_male",1891,187
"2579950","Williamstown CDP, Massachusetts","pop_female",2546,217
"2579950","Williamstown CDP, Massachusetts","pop_total",4437,272
"2580195","Wilmington CDP, Massachusetts","pop_male",11572,385
"2580195","Wilmington CDP, Massachusetts","pop_female",11569,387
"2580195","Wilmington CDP, Massachusetts","pop_total",23141,31
"2580370","Winchendon CDP, Massachusetts","pop_male",1741,331
"2580370","Winchendon CDP, Massachusetts","pop_female",1628,263
"2580370","Winchendon CDP, Massachusetts","pop_total",3369,479
"2580545","Winchester CDP, Massachusetts","pop_male",10659,272
"2580545","Winchester CDP, Massachusetts","pop_female",11416,277
"2580545","Winchester CDP, Massachusetts","pop_total",22075,31
"2581005","Winthrop Town city, Massachusetts","pop_male",8391,294
"2581005","Winthrop Town city, Massachusetts","pop_female",9571,295
"2581005","Winthrop Town city, Massachusetts","pop_total",17962,25
"2581035","Woburn city, Massachusetts","pop_male",19501,455
"2581035","Woburn city, Massachusetts","pop_female",19603,455
"2581035","Woburn city, Massachusetts","pop_total",39104,30
"2581245","Woods Hole CDP, Massachusetts","pop_male",356,100
"2581245","Woods Hole CDP, Massachusetts","pop_female",607,161
"2581245","Woods Hole CDP, Massachusetts","pop_total",963,218
"2582000","Worcester city, Massachusetts","pop_male",88941,1014
"2582000","Worcester city, Massachusetts","pop_female",94441,1005
"2582000","Worcester city, Massachusetts","pop_total",183382,44
"2582595","Yarmouth Port CDP, Massachusetts","pop_male",2245,245
"2582595","Yarmouth Port CDP, Massachusetts","pop_female",2547,232
"2582595","Yarmouth Port CDP, Massachusetts","pop_total",4792,404
